network_id,class,graph_in_class,graph_global_id,graph_desc,logic_code,rule_A,rule_B,Attractor_Type,Cluster,cluster_label_numeric
1,1,1,1,A→B,AA,A' = 1,B' = A,Stable Fixed-point,Cluster_3,2
2,1,1,1,A→B,OA,A' = 0,B' = A,Stable Fixed-point,Cluster_3,2
3,1,2,2,A⊣B,AA,A' = 1,B' = !A,Stable Fixed-point,Cluster_3,2
4,1,2,2,A⊣B,OA,A' = 0,B' = !A,Stable Fixed-point,Cluster_3,2
5,2,1,3,"A→B,B→A",AA,A' = B,B' = A,Hybrid Multimodal,Cluster_4,3
6,2,2,4,"A→B,B⊣A",AA,A' = !B,B' = A,Pure Oscillatory,Cluster_2,1
7,2,3,5,"A⊣B,B⊣A",AA,A' = !B,B' = !A,Hybrid Multimodal,Cluster_4,3
8,3,1,6,"A→A,A→B",AA,A' = A,B' = A,Complex Composite,Cluster_4,3
9,3,2,7,"A→A,A⊣B",AA,A' = A,B' = !A,Complex Composite,Cluster_4,3
10,3,3,8,"A⊣A,A→B",AA,A' = !A,B' = A,Pure Oscillatory,Cluster_2,1
11,3,4,9,"A⊣A,A⊣B",AA,A' = !A,B' = !A,Pure Oscillatory,Cluster_2,1
12,4,1,10,"A→A,B→A",AA,A' = A & B,B' = 1,Complex Composite,Cluster_1,0
13,4,1,10,"A→A,B→A",AO,A' = A & B,B' = 0,Stable Fixed-point,Cluster_3,2
14,4,1,10,"A→A,B→A",OA,A' = A | B,B' = 1,Stable Fixed-point,Cluster_3,2
15,4,1,10,"A→A,B→A",OO,A' = A | B,B' = 0,Complex Composite,Cluster_1,0
16,4,2,11,"A→A,B⊣A",AA,A' = A & !B,B' = 1,Stable Fixed-point,Cluster_3,2
17,4,2,11,"A→A,B⊣A",AO,A' = A & !B,B' = 0,Complex Composite,Cluster_1,0
18,4,2,11,"A→A,B⊣A",OA,A' = A | !B,B' = 1,Complex Composite,Cluster_1,0
19,4,2,11,"A→A,B⊣A",OO,A' = A | !B,B' = 0,Stable Fixed-point,Cluster_3,2
20,4,3,12,"A⊣A,B→A",AA,A' = !A & B,B' = 1,Pure Oscillatory,Cluster_3,2
21,4,3,12,"A⊣A,B→A",AO,A' = !A & B,B' = 0,Stable Fixed-point,Cluster_3,2
22,4,3,12,"A⊣A,B→A",OA,A' = !A | B,B' = 1,Stable Fixed-point,Cluster_3,2
23,4,3,12,"A⊣A,B→A",OO,A' = !A | B,B' = 0,Pure Oscillatory,Cluster_3,2
24,4,4,13,"A⊣A,B⊣A",AA,A' = !A & !B,B' = 1,Stable Fixed-point,Cluster_3,2
25,4,4,13,"A⊣A,B⊣A",AO,A' = !A & !B,B' = 0,Pure Oscillatory,Cluster_3,2
26,4,4,13,"A⊣A,B⊣A",OA,A' = !A | !B,B' = 1,Pure Oscillatory,Cluster_3,2
27,4,4,13,"A⊣A,B⊣A",OO,A' = !A | !B,B' = 0,Stable Fixed-point,Cluster_3,2
28,5,1,14,"A→A,A→B,B→A",AA,A' = A & B,B' = A,Complex Composite,Cluster_1,0
29,5,1,14,"A→A,A→B,B→A",OA,A' = A | B,B' = A,Complex Composite,Cluster_1,0
30,5,2,15,"A→A,A→B,B⊣A",AA,A' = A & !B,B' = A,Stable Fixed-point,Cluster_3,2
31,5,2,15,"A→A,A→B,B⊣A",OA,A' = A | !B,B' = A,Stable Fixed-point,Cluster_3,2
32,5,3,16,"A→A,A⊣B,B→A",AA,A' = A & B,B' = !A,Stable Fixed-point,Cluster_3,2
33,5,3,16,"A→A,A⊣B,B→A",OA,A' = A | B,B' = !A,Stable Fixed-point,Cluster_3,2
34,5,4,17,"A→A,A⊣B,B⊣A",AA,A' = A & !B,B' = !A,Complex Composite,Cluster_1,0
35,5,4,17,"A→A,A⊣B,B⊣A",OA,A' = A | !B,B' = !A,Complex Composite,Cluster_1,0
36,5,5,18,"A⊣A,A→B,B→A",AA,A' = !A & B,B' = A,Hybrid Multimodal,Cluster_1,0
37,5,5,18,"A⊣A,A→B,B→A",OA,A' = !A | B,B' = A,Hybrid Multimodal,Cluster_1,0
38,5,6,19,"A⊣A,A→B,B⊣A",AA,A' = !A & !B,B' = A,Pure Oscillatory,Cluster_2,1
39,5,6,19,"A⊣A,A→B,B⊣A",OA,A' = !A | !B,B' = A,Pure Oscillatory,Cluster_2,1
40,5,7,20,"A⊣A,A⊣B,B→A",AA,A' = !A & B,B' = !A,Pure Oscillatory,Cluster_2,1
41,5,7,20,"A⊣A,A⊣B,B→A",OA,A' = !A | B,B' = !A,Pure Oscillatory,Cluster_2,1
42,5,8,21,"A⊣A,A⊣B,B⊣A",AA,A' = !A & !B,B' = !A,Hybrid Multimodal,Cluster_1,0
43,5,8,21,"A⊣A,A⊣B,B⊣A",OA,A' = !A | !B,B' = !A,Hybrid Multimodal,Cluster_1,0
44,6,1,22,"A→A,B→B,A→B",AA,A' = A & B,B' = B,Complex Composite,Cluster_4,3
45,6,1,22,"A→A,B→B,A→B",OA,A' = A | B,B' = B,Complex Composite,Cluster_4,3
46,6,2,23,"A→A,B→B,A⊣B",AA,A' = A & !B,B' = B,Complex Composite,Cluster_4,3
47,6,2,23,"A→A,B→B,A⊣B",OA,A' = A | !B,B' = B,Complex Composite,Cluster_4,3
48,6,3,24,"A→A,B⊣B,A→B",AA,A' = A & B,B' = !B,Pure Oscillatory,Cluster_2,1
49,6,3,24,"A→A,B⊣B,A→B",OA,A' = A | B,B' = !B,Pure Oscillatory,Cluster_2,1
50,6,4,25,"A→A,B⊣B,A⊣B",AA,A' = !A & !B,B' = B,Hybrid Multimodal,Cluster_4,3
51,6,4,25,"A→A,B⊣B,A⊣B",OA,A' = !A | !B,B' = B,Hybrid Multimodal,Cluster_4,3
52,6,5,26,"A⊣A,B→B,A→B",AA,A' = !A & B,B' = B,Hybrid Multimodal,Cluster_4,3
53,6,5,26,"A⊣A,B→B,A→B",OA,A' = !A | B,B' = B,Hybrid Multimodal,Cluster_4,3
54,6,6,27,"A⊣A,B→B,A⊣B",AA,A' = A & !B,B' = !B,Pure Oscillatory,Cluster_2,1
55,6,6,27,"A⊣A,B→B,A⊣B",OA,A' = A | !B,B' = !B,Pure Oscillatory,Cluster_2,1
56,6,7,28,"A⊣A,B⊣B,A→B",AA,A' = !A & B,B' = !B,Pure Oscillatory,Cluster_2,1
57,6,7,28,"A⊣A,B⊣B,A→B",OA,A' = !A | B,B' = !B,Pure Oscillatory,Cluster_2,1
58,6,8,29,"A⊣A,B⊣B,A⊣B",AA,A' = !A & !B,B' = !B,Pure Oscillatory,Cluster_2,1
59,6,8,29,"A⊣A,B⊣B,A⊣B",OA,A' = !A | !B,B' = !B,Pure Oscillatory,Cluster_2,1
60,7,1,30,"A→A,B→B,A→B,B→A",AA,A' = A & B,B' = B & A,Complex Composite,Cluster_1,0
61,7,1,30,"A→A,B→B,A→B,B→A",OA,A' = A | B,B' = B & A,Complex Composite,Cluster_4,3
62,7,1,30,"A→A,B→B,A→B,B→A",OO,A' = A | B,B' = B | A,Complex Composite,Cluster_1,0
63,7,2,31,"A→A,B→B,A→B,B⊣A",AA,A' = A & !B,B' = B & A,Complex Composite,Cluster_1,0
64,7,2,31,"A→A,B→B,A→B,B⊣A",OA,A' = A | !B,B' = B & A,Complex Composite,Cluster_1,0
65,7,2,31,"A→A,B→B,A→B,B⊣A",OO,A' = A | !B,B' = B | A,Complex Composite,Cluster_1,0
66,7,3,32,"A→A,B→B,A⊣B,B⊣A",AA,A' = A & !B,B' = B & !A,Complex Composite,Cluster_4,3
67,7,3,32,"A→A,B→B,A⊣B,B⊣A",OA,A' = A | !B,B' = B & !A,Complex Composite,Cluster_1,0
68,7,3,32,"A→A,B→B,A⊣B,B⊣A",OO,A' = A | !B,B' = B | !A,Complex Composite,Cluster_4,3
69,7,4,33,"A→A,B⊣B,A→B,B⊣A",AA,A' = A & !B,B' = !B & A,Stable Fixed-point,Cluster_3,2
70,7,4,33,"A→A,B⊣B,A→B,B⊣A",OA,A' = A | !B,B' = !B & A,Pure Oscillatory,Cluster_2,1
71,7,4,33,"A→A,B⊣B,A→B,B⊣A",OO,A' = A | !B,B' = !B | A,Stable Fixed-point,Cluster_3,2
72,7,5,34,"A→A,B⊣B,A⊣B,B→A",AA,A' = A & B,B' = !B & !A,Pure Oscillatory,Cluster_2,1
73,7,5,34,"A→A,B⊣B,A⊣B,B→A",OA,A' = A | B,B' = !B & !A,Stable Fixed-point,Cluster_3,2
74,7,5,34,"A→A,B⊣B,A⊣B,B→A",OO,A' = A | B,B' = !B | !A,Pure Oscillatory,Cluster_2,1
75,7,6,35,"A→A,B⊣B,A⊣B,B⊣A",AA,A' = A & !B,B' = !B & !A,Hybrid Multimodal,Cluster_1,0
76,7,6,35,"A→A,B⊣B,A⊣B,B⊣A",OA,A' = A | !B,B' = !B & !A,Stable Fixed-point,Cluster_3,2
77,7,6,35,"A→A,B⊣B,A⊣B,B⊣A",OO,A' = A | !B,B' = !B | !A,Hybrid Multimodal,Cluster_1,0
78,7,7,36,"A⊣A,B→B,A→B,B→A",AA,A' = !A & B,B' = B & A,Stable Fixed-point,Cluster_3,2
79,7,7,36,"A⊣A,B→B,A→B,B→A",OA,A' = !A | B,B' = B & A,Hybrid Multimodal,Cluster_1,0
80,7,7,36,"A⊣A,B→B,A→B,B→A",OO,A' = !A | B,B' = B | A,Stable Fixed-point,Cluster_3,2
81,7,8,37,"A⊣A,B⊣B,A→B,B→A",AA,A' = !A & B,B' = !B & A,Hybrid Multimodal,Cluster_4,3
82,7,8,37,"A⊣A,B⊣B,A→B,B→A",OA,A' = !A | B,B' = !B & A,Pure Oscillatory,Cluster_2,1
83,7,8,37,"A⊣A,B⊣B,A→B,B→A",OO,A' = !A | B,B' = !B | A,Hybrid Multimodal,Cluster_4,3
84,7,9,38,"A⊣A,B⊣B,A→B,B⊣A",AA,A' = !A & !B,B' = !B & A,Pure Oscillatory,Cluster_2,1
85,7,9,38,"A⊣A,B⊣B,A→B,B⊣A",OA,A' = !A | !B,B' = !B & A,Pure Oscillatory,Cluster_2,1
86,7,9,38,"A⊣A,B⊣B,A→B,B⊣A",OO,A' = !A | !B,B' = !B | A,Pure Oscillatory,Cluster_2,1
87,7,10,39,"A⊣A,B⊣B,A⊣B,B⊣A",AA,A' = !A & !B,B' = !B & !A,Pure Oscillatory,Cluster_2,1
88,7,10,39,"A⊣A,B⊣B,A⊣B,B⊣A",OA,A' = !A | !B,B' = !B & !A,Hybrid Multimodal,Cluster_4,3
89,7,10,39,"A⊣A,B⊣B,A⊣B,B⊣A",OO,A' = !A | !B,B' = !B | !A,Pure Oscillatory,Cluster_2,1
