network_id,Number of Edges,Density,Strongly Connected,Number of SCCs,Largest SCC Size,Avg In-Degree,Avg Out-Degree,Max In-Degree,Max Out-Degree,Has Cycle,Number of Cycles,Number of Limit Cycles,Max Cycle Length,Avg Cycle Length,Shannon Entropy (Out-degree),Shannon Entropy (In-degree),Transition Entropy,Basin Entropy,Spectral Radius,Algebraic Connectivity,Number of Attractors,Number of Fixed Points,Has Fixed Point Attractor,Avg Attractor Length,Max Attractor Length,Attractor Coverage,Avg Basin Size,Max Basin Size,Basin Size Variance,Basin Size Skewness,Average Transient Length,Maximum Transient Length,Diameter,Average Shortest Path Length,Garden of Eden Count,Common Sea Count,Specific Part Count,Derrida Coefficient,Average Sensitivity
1,0.0,0.0,0.0,0.5,-1.0,0.0,0.0,1.0,0.0,0.0,0.0,0.0,0.0,0.0,0.0,0.0,-0.3939676648638247,-0.0,0.0,0.9999999999999997,0.0,0.0,0.0,0.0,0.0,-0.5,0.0,0.0,0.0,0.0,0.6666666666666666,1.0,0.0,0.15873015873015814,0.0,0.5,-0.5,-0.25,-0.25
2,0.0,0.0,0.0,0.5,-1.0,0.0,0.0,1.0,0.0,0.0,0.0,0.0,0.0,0.0,0.0,0.0,-0.3939676648638247,-0.0,0.0,0.9999999999999997,0.0,0.0,0.0,0.0,0.0,-0.5,0.0,0.0,0.0,0.0,0.6666666666666666,1.0,0.0,0.15873015873015814,0.0,0.5,-0.5,-0.25,-0.25
3,0.0,0.0,0.0,0.5,-1.0,0.0,0.0,1.0,0.0,0.0,0.0,0.0,0.0,0.0,0.0,0.0,-0.3939676648638247,-0.0,0.0,0.9999999999999997,0.0,0.0,0.0,0.0,0.0,-0.5,0.0,0.0,0.0,0.0,0.6666666666666666,1.0,0.0,0.15873015873015814,0.0,0.5,-0.5,-0.25,-0.25
4,0.0,0.0,0.0,0.5,-1.0,0.0,0.0,1.0,0.0,0.0,0.0,0.0,0.0,0.0,0.0,0.0,-0.3939676648638247,-0.0,0.0,0.9999999999999997,0.0,0.0,0.0,0.0,0.0,-0.5,0.0,0.0,0.0,0.0,0.6666666666666666,1.0,0.0,0.15873015873015814,0.0,0.5,-0.5,-0.25,-0.25
5,0.5,0.49999999999999983,0.0,0.5,-1.0,0.5,0.5,1.0,0.0,0.0,0.0,0.0,0.0,0.0,0.23262290680731132,-0.7259824578787191,-1.3619432841336945,-0.0,0.0,0.9999999999999997,1.0,0.5,0.0,0.0,0.0,0.0,-0.6666666666666666,-1.0,0.0,0.0,0.0,0.0,-1.0,-0.9523809523809526,1.0,-0.5,0.5,0.0,0.0
6,-0.5,-0.5000000000000001,1.0,-1.0,2.0,-0.5,-0.5,-1.0,-1.0,1.0,1.0,1.0,2.0,2.0,-1.0,-2.177947373636157,1.2475029163579976,-0.0,4.440892098500626e-16,0.9999999999999997,0.0,-0.5,-1.0,3.0,3.0,1.0,0.0,0.0,0.0,0.0,-0.6666666666666666,-1.0,1.0,2.3809523809523805,-1.0,-0.5,0.5,0.0,0.0
7,0.5,0.49999999999999983,0.0,0.5,-1.0,0.5,0.5,1.0,0.0,0.0,0.0,0.0,0.0,0.0,0.23262290680731132,-0.7259824578787191,-1.3619432841336945,-0.0,0.0,0.9999999999999997,1.0,0.5,0.0,0.0,0.0,0.0,-0.6666666666666666,-1.0,0.0,0.0,0.0,0.0,-1.0,-0.9523809523809526,1.0,-0.5,0.5,0.0,0.0
8,-0.5,-0.5000000000000001,0.0,0.5,-1.0,-0.5,-0.5,0.0,-1.0,0.0,0.0,0.0,0.0,0.0,-1.0,-0.7259824578787191,-1.3619432841336945,-0.0,0.0,-0.41421356237309537,1.0,0.5,0.0,0.0,0.0,0.0,-1.3333333333333333,-2.0,0.0,0.0,0.0,0.0,-1.0,-0.9523809523809526,1.0,-0.5,0.5,0.0,0.0
9,-0.5,-0.5000000000000001,0.0,0.5,-1.0,-0.5,-0.5,0.0,-1.0,0.0,0.0,0.0,0.0,0.0,-1.0,-0.7259824578787191,-1.3619432841336945,-0.0,0.0,-0.41421356237309537,1.0,0.5,0.0,0.0,0.0,0.0,-1.3333333333333333,-2.0,0.0,0.0,0.0,0.0,-1.0,-0.9523809523809526,1.0,-0.5,0.5,0.0,0.0
10,0.5,0.49999999999999983,1.0,-1.0,2.0,0.5,0.5,0.0,0.0,1.0,1.0,1.0,2.0,2.0,0.23262290680731132,-0.7259824578787191,1.0343002909671426,-0.0,0.4142135623730947,0.9999999999999997,0.0,-0.5,-1.0,3.0,3.0,1.0,0.0,0.0,0.0,0.0,-0.6666666666666666,-1.0,1.0,1.2698412698412695,-1.0,-0.5,0.5,0.0,0.0
11,0.5,0.49999999999999983,1.0,-1.0,2.0,0.5,0.5,0.0,0.0,1.0,1.0,1.0,2.0,2.0,0.23262290680731132,-0.7259824578787191,1.0343002909671426,-0.0,0.4142135623730949,0.9999999999999997,0.0,-0.5,-1.0,3.0,3.0,1.0,0.0,0.0,0.0,0.0,-0.6666666666666666,-1.0,1.0,1.2698412698412695,-1.0,-0.5,0.5,0.0,0.0
12,0.0,0.0,0.0,0.5,-1.0,0.0,0.0,0.0,0.0,0.0,0.0,0.0,0.0,0.0,0.0,0.0,0.0,1.0889736868180786,0.0,-1.5700924586837762e-16,1.0,0.5,0.0,0.0,0.0,0.0,-1.0,-1.0,1.125,0.0,0.0,0.0,0.0,-0.11904761904761935,0.0,0.0,0.0,-0.25,-0.25
13,-0.5,-0.5000000000000001,0.0,0.5,-1.0,-0.5,-0.5,1.0,-1.0,0.0,0.0,0.0,0.0,0.0,-1.0,0.0,-1.8544028652134763,-0.0,0.0,-1.5700924586837762e-16,0.0,0.0,0.0,0.0,0.0,-0.5,0.0,0.0,0.0,0.0,0.6666666666666666,1.0,0.0,-0.11904761904761935,1.0,0.5,-0.5,-0.25,-0.25
14,-0.5,-0.5000000000000001,0.0,0.5,-1.0,-0.5,-0.5,1.0,-1.0,0.0,0.0,0.0,0.0,0.0,-1.0,0.0,-1.8544028652134763,-0.0,0.0,0.0,0.0,0.0,0.0,0.0,0.0,-0.5,0.0,0.0,0.0,0.0,0.6666666666666666,1.0,0.0,-0.11904761904761935,1.0,0.5,-0.5,-0.25,-0.25
15,0.0,0.0,0.0,0.5,-1.0,0.0,0.0,0.0,0.0,0.0,0.0,0.0,0.0,0.0,0.0,0.0,0.0,1.0889736868180786,0.0,0.0,1.0,0.5,0.0,0.0,0.0,0.0,-1.0,-1.0,1.125,0.0,0.0,0.0,0.0,-0.11904761904761935,0.0,0.0,0.0,-0.25,-0.25
16,-0.5,-0.5000000000000001,0.0,0.5,-1.0,-0.5,-0.5,1.0,-1.0,0.0,0.0,0.0,0.0,0.0,-1.0,0.0,-1.8544028652134763,-0.0,0.0,0.0,0.0,0.0,0.0,0.0,0.0,-0.5,0.0,0.0,0.0,0.0,0.6666666666666666,1.0,0.0,-0.11904761904761935,1.0,0.5,-0.5,-0.25,-0.25
17,0.0,0.0,0.0,0.5,-1.0,0.0,0.0,0.0,0.0,0.0,0.0,0.0,0.0,0.0,0.0,0.0,0.0,1.0889736868180786,0.0,0.0,1.0,0.5,0.0,0.0,0.0,0.0,-1.0,-1.0,1.125,0.0,0.0,0.0,0.0,-0.11904761904761935,0.0,0.0,0.0,-0.25,-0.25
18,0.0,0.0,0.0,0.5,-1.0,0.0,0.0,0.0,0.0,0.0,0.0,0.0,0.0,0.0,0.0,0.0,0.0,1.0889736868180786,0.0,-1.5700924586837762e-16,1.0,0.5,0.0,0.0,0.0,0.0,-1.0,-1.0,1.125,0.0,0.0,0.0,0.0,-0.11904761904761935,0.0,0.0,0.0,-0.25,-0.25
19,-0.5,-0.5000000000000001,0.0,0.5,-1.0,-0.5,-0.5,1.0,-1.0,0.0,0.0,0.0,0.0,0.0,-1.0,0.0,-1.8544028652134763,-0.0,0.0,-1.5700924586837762e-16,0.0,0.0,0.0,0.0,0.0,-0.5,0.0,0.0,0.0,0.0,0.6666666666666666,1.0,0.0,-0.11904761904761935,1.0,0.5,-0.5,-0.25,-0.25
20,0.0,0.0,0.0,0.0,0.0,0.0,0.0,0.0,0.0,1.0,1.0,1.0,1.0,1.0,0.0,0.0,0.0,-0.0,0.0,0.9999999999999997,0.0,-0.5,-1.0,1.0,1.0,0.0,0.0,0.0,0.0,0.0,0.0,0.0,0.0,0.0,0.0,0.0,0.0,-0.25,-0.25
21,0.5,0.49999999999999983,0.0,0.0,0.0,0.5,0.5,1.0,0.0,0.0,0.0,0.0,0.0,0.0,0.23262290680731132,-1.0,0.7059939035806213,-0.0,0.0,0.9999999999999997,0.0,0.0,0.0,0.0,0.0,-0.5,0.0,0.0,0.0,0.0,0.6666666666666666,1.0,0.0,0.0,-1.0,0.5,-0.5,-0.25,-0.25
22,0.5,0.49999999999999983,0.0,0.0,0.0,0.5,0.5,1.0,0.0,0.0,0.0,0.0,0.0,0.0,0.23262290680731132,-1.0,0.7059939035806213,-0.0,0.0,0.9999999999999997,0.0,0.0,0.0,0.0,0.0,-0.5,0.0,0.0,0.0,0.0,0.6666666666666666,1.0,0.0,0.0,-1.0,0.5,-0.5,-0.25,-0.25
23,0.0,0.0,0.0,0.0,0.0,0.0,0.0,0.0,0.0,1.0,1.0,1.0,1.0,1.0,0.0,0.0,0.0,-0.0,0.0,0.9999999999999997,0.0,-0.5,-1.0,1.0,1.0,0.0,0.0,0.0,0.0,0.0,0.0,0.0,0.0,0.0,0.0,0.0,0.0,-0.25,-0.25
24,0.5,0.49999999999999983,0.0,0.0,0.0,0.5,0.5,1.0,0.0,0.0,0.0,0.0,0.0,0.0,0.23262290680731132,-1.0,0.7059939035806213,-0.0,0.0,0.9999999999999997,0.0,0.0,0.0,0.0,0.0,-0.5,0.0,0.0,0.0,0.0,0.6666666666666666,1.0,0.0,0.0,-1.0,0.5,-0.5,-0.25,-0.25
25,0.0,0.0,0.0,0.0,0.0,0.0,0.0,0.0,0.0,1.0,1.0,1.0,1.0,1.0,0.0,0.0,0.0,-0.0,0.0,0.9999999999999997,0.0,-0.5,-1.0,1.0,1.0,0.0,0.0,0.0,0.0,0.0,0.0,0.0,0.0,0.0,0.0,0.0,0.0,-0.25,-0.25
26,0.0,0.0,0.0,0.0,0.0,0.0,0.0,0.0,0.0,1.0,1.0,1.0,1.0,1.0,0.0,0.0,0.0,-0.0,0.0,0.9999999999999997,0.0,-0.5,-1.0,1.0,1.0,0.0,0.0,0.0,0.0,0.0,0.0,0.0,0.0,0.0,0.0,0.0,0.0,-0.25,-0.25
27,0.5,0.49999999999999983,0.0,0.0,0.0,0.5,0.5,1.0,0.0,0.0,0.0,0.0,0.0,0.0,0.23262290680731132,-1.0,0.7059939035806213,-0.0,0.0,0.9999999999999997,0.0,0.0,0.0,0.0,0.0,-0.5,0.0,0.0,0.0,0.0,0.6666666666666666,1.0,0.0,0.0,-1.0,0.5,-0.5,-0.25,-0.25
28,0.0,0.0,0.0,0.5,-1.0,0.0,0.0,1.0,0.0,0.0,0.0,0.0,0.0,0.0,0.0,0.0,-1.4377461450605018,1.0889736868180786,0.0,-1.5700924586837762e-16,1.0,0.5,0.0,0.0,0.0,0.0,-1.0,-1.0,1.125,0.0,0.0,0.0,-1.0,-0.9523809523809526,1.0,-0.5,0.5,0.0,0.0
29,0.0,0.0,0.0,0.5,-1.0,0.0,0.0,1.0,0.0,0.0,0.0,0.0,0.0,0.0,0.0,0.0,-1.4377461450605018,1.0889736868180786,0.0,0.0,1.0,0.5,0.0,0.0,0.0,0.0,-1.0,-1.0,1.125,0.0,0.0,0.0,-1.0,-0.9523809523809526,1.0,-0.5,0.5,0.0,0.0
30,-0.5,-0.5000000000000001,0.0,0.5,-1.0,-0.5,-0.5,0.0,-1.0,0.0,0.0,0.0,0.0,0.0,-1.0,0.0,-0.05722018388784843,-0.0,0.0,0.0,0.0,0.0,0.0,0.0,0.0,-0.5,0.0,0.0,0.0,0.0,1.3333333333333333,2.0,1.0,1.2698412698412695,0.0,0.5,-0.5,0.0,0.0
31,-0.5,-0.5000000000000001,0.0,0.5,-1.0,-0.5,-0.5,0.0,-1.0,0.0,0.0,0.0,0.0,0.0,-1.0,0.0,-0.05722018388784843,-0.0,0.0,-1.5700924586837762e-16,0.0,0.0,0.0,0.0,0.0,-0.5,0.0,0.0,0.0,0.0,1.3333333333333333,2.0,1.0,1.2698412698412695,0.0,0.5,-0.5,0.0,0.0
32,-0.5,-0.5000000000000001,0.0,0.5,-1.0,-0.5,-0.5,0.0,-1.0,0.0,0.0,0.0,0.0,0.0,-1.0,0.0,-0.05722018388784843,-0.0,0.0,-1.5700924586837762e-16,0.0,0.0,0.0,0.0,0.0,-0.5,0.0,0.0,0.0,0.0,1.3333333333333333,2.0,1.0,1.2698412698412695,0.0,0.5,-0.5,0.0,0.0
33,-0.5,-0.5000000000000001,0.0,0.5,-1.0,-0.5,-0.5,0.0,-1.0,0.0,0.0,0.0,0.0,0.0,-1.0,0.0,-0.05722018388784843,-0.0,0.0,0.0,0.0,0.0,0.0,0.0,0.0,-0.5,0.0,0.0,0.0,0.0,1.3333333333333333,2.0,1.0,1.2698412698412695,0.0,0.5,-0.5,0.0,0.0
34,0.0,0.0,0.0,0.5,-1.0,0.0,0.0,1.0,0.0,0.0,0.0,0.0,0.0,0.0,0.0,0.0,-1.4377461450605018,1.0889736868180786,0.0,0.0,1.0,0.5,0.0,0.0,0.0,0.0,-1.0,-1.0,1.125,0.0,0.0,0.0,-1.0,-0.9523809523809526,1.0,-0.5,0.5,0.0,0.0
35,0.0,0.0,0.0,0.5,-1.0,0.0,0.0,1.0,0.0,0.0,0.0,0.0,0.0,0.0,0.0,0.0,-1.4377461450605018,1.0889736868180786,0.0,-1.5700924586837762e-16,1.0,0.5,0.0,0.0,0.0,0.0,-1.0,-1.0,1.125,0.0,0.0,0.0,-1.0,-0.9523809523809526,1.0,-0.5,0.5,0.0,0.0
36,0.5,0.49999999999999983,0.0,0.0,0.0,0.5,0.5,1.0,0.0,0.0,0.0,0.0,0.0,0.0,0.23262290680731132,0.7259824578787191,-0.16382149658327588,-0.0,0.0,0.9999999999999997,0.0,0.0,0.0,0.0,0.0,-0.5,0.0,0.0,0.0,0.0,0.6666666666666666,1.0,0.0,0.0,0.0,0.5,-0.5,0.0,0.0
37,0.5,0.49999999999999983,0.0,0.0,0.0,0.5,0.5,1.0,0.0,0.0,0.0,0.0,0.0,0.0,0.23262290680731132,0.7259824578787191,-0.16382149658327588,-0.0,0.0,0.9999999999999997,0.0,0.0,0.0,0.0,0.0,-0.5,0.0,0.0,0.0,0.0,0.6666666666666666,1.0,0.0,0.0,0.0,0.5,-0.5,0.0,0.0
38,0.0,0.0,1.0,-1.0,2.0,0.0,0.0,0.0,0.0,1.0,1.0,1.0,2.0,2.0,0.0,-1.0,1.0437784801966772,-0.0,0.2720196495140701,0.9999999999999997,0.0,-0.5,-1.0,3.0,3.0,1.0,0.0,0.0,0.0,0.0,-0.6666666666666666,-1.0,1.0,1.8253968253968245,-1.0,-0.5,0.5,0.0,0.0
39,0.0,0.0,1.0,-1.0,2.0,0.0,0.0,0.0,0.0,1.0,1.0,1.0,2.0,2.0,0.0,-1.0,1.0437784801966772,-0.0,0.2720196495140699,0.9999999999999997,0.0,-0.5,-1.0,3.0,3.0,1.0,0.0,0.0,0.0,0.0,-0.6666666666666666,-1.0,1.0,1.8253968253968245,-1.0,-0.5,0.5,0.0,0.0
40,0.0,0.0,1.0,-1.0,2.0,0.0,0.0,0.0,0.0,1.0,1.0,1.0,2.0,2.0,0.0,-1.0,1.0437784801966772,-0.0,0.2720196495140692,0.9999999999999997,0.0,-0.5,-1.0,3.0,3.0,1.0,0.0,0.0,0.0,0.0,-0.6666666666666666,-1.0,1.0,1.8253968253968245,-1.0,-0.5,0.5,0.0,0.0
41,0.0,0.0,1.0,-1.0,2.0,0.0,0.0,0.0,0.0,1.0,1.0,1.0,2.0,2.0,0.0,-1.0,1.0437784801966772,-0.0,0.272019649514069,0.9999999999999997,0.0,-0.5,-1.0,3.0,3.0,1.0,0.0,0.0,0.0,0.0,-0.6666666666666666,-1.0,1.0,1.8253968253968245,-1.0,-0.5,0.5,0.0,0.0
42,0.5,0.49999999999999983,0.0,0.0,0.0,0.5,0.5,1.0,0.0,0.0,0.0,0.0,0.0,0.0,0.23262290680731132,0.7259824578787191,-0.16382149658327588,-0.0,0.0,0.9999999999999997,0.0,0.0,0.0,0.0,0.0,-0.5,0.0,0.0,0.0,0.0,0.6666666666666666,1.0,0.0,0.0,0.0,0.5,-0.5,0.0,0.0
43,0.5,0.49999999999999983,0.0,0.0,0.0,0.5,0.5,1.0,0.0,0.0,0.0,0.0,0.0,0.0,0.23262290680731132,0.7259824578787191,-0.16382149658327588,-0.0,0.0,0.9999999999999997,0.0,0.0,0.0,0.0,0.0,-0.5,0.0,0.0,0.0,0.0,0.6666666666666666,1.0,0.0,0.0,0.0,0.5,-0.5,0.0,0.0
44,-0.5,-0.5000000000000001,0.0,0.5,-1.0,-0.5,-0.5,0.0,-1.0,0.0,0.0,0.0,0.0,0.0,-1.0,0.0,-0.05722018388784843,1.0,0.0,-0.41421356237309537,2.0,1.0,0.0,0.0,0.0,0.5,-1.777777777777778,-2.0,1.0,0.7071067811865479,-0.3333333333333333,0.0,-1.0,-0.9523809523809526,0.0,-0.5,0.5,0.0,0.0
45,-0.5,-0.5000000000000001,0.0,0.5,-1.0,-0.5,-0.5,0.0,-1.0,0.0,0.0,0.0,0.0,0.0,-1.0,0.0,-0.05722018388784843,1.0,0.0,-0.41421356237309537,2.0,1.0,0.0,0.0,0.0,0.5,-1.777777777777778,-2.0,1.0,0.7071067811865479,-0.3333333333333333,0.0,-1.0,-0.9523809523809526,0.0,-0.5,0.5,0.0,0.0
46,-0.5,-0.5000000000000001,0.0,0.5,-1.0,-0.5,-0.5,0.0,-1.0,0.0,0.0,0.0,0.0,0.0,-1.0,0.0,-0.05722018388784843,1.0,0.0,-0.41421356237309537,2.0,1.0,0.0,0.0,0.0,0.5,-1.777777777777778,-2.0,1.0,0.7071067811865479,-0.3333333333333333,0.0,-1.0,-0.9523809523809526,0.0,-0.5,0.5,0.0,0.0
47,-0.5,-0.5000000000000001,0.0,0.5,-1.0,-0.5,-0.5,0.0,-1.0,0.0,0.0,0.0,0.0,0.0,-1.0,0.0,-0.05722018388784843,1.0,0.0,-0.41421356237309537,2.0,1.0,0.0,0.0,0.0,0.5,-1.777777777777778,-2.0,1.0,0.7071067811865479,-0.3333333333333333,0.0,-1.0,-0.9523809523809526,0.0,-0.5,0.5,0.0,0.0
48,0.0,0.0,0.0,-0.5,0.0,0.0,0.0,0.0,0.0,1.0,1.0,1.0,1.0,1.0,0.0,-1.0,1.0437784801966772,-0.0,1.8034154392054802e-08,-1.5700924586837762e-16,0.0,-0.5,-1.0,1.0,1.0,0.0,0.0,0.0,0.0,0.0,0.3333333333333333,1.0,1.0,0.7142857142857139,-1.0,0.0,0.0,0.0,0.0
49,0.0,0.0,0.0,-0.5,0.0,0.0,0.0,0.0,0.0,1.0,1.0,1.0,1.0,1.0,0.0,-1.0,1.0437784801966772,-0.0,0.0,0.0,0.0,-0.5,-1.0,1.0,1.0,0.0,0.0,0.0,0.0,0.0,0.3333333333333333,1.0,1.0,0.7142857142857139,-1.0,0.0,0.0,0.0,0.0
50,-0.5,-0.5000000000000001,0.0,0.0,0.0,-0.5,-0.5,0.0,-1.0,1.0,1.0,1.0,1.0,1.0,-1.0,0.0,-0.05722018388784843,-0.0,0.0,-0.41421356237309537,1.0,0.0,0.0,0.5,1.0,0.5,-1.3333333333333333,-2.0,0.0,0.0,-0.3333333333333333,0.0,-1.0,-0.9523809523809526,0.0,-0.5,0.5,0.0,0.0
51,-0.5,-0.5000000000000001,0.0,0.0,0.0,-0.5,-0.5,0.0,-1.0,1.0,1.0,1.0,1.0,1.0,-1.0,0.0,-0.05722018388784843,-0.0,0.0,-0.41421356237309537,1.0,0.0,0.0,0.5,1.0,0.5,-1.3333333333333333,-2.0,0.0,0.0,-0.3333333333333333,0.0,-1.0,-0.9523809523809526,0.0,-0.5,0.5,0.0,0.0
52,-0.5,-0.5000000000000001,0.0,0.0,0.0,-0.5,-0.5,0.0,-1.0,1.0,1.0,1.0,1.0,1.0,-1.0,0.0,-0.05722018388784843,-0.0,0.0,-0.41421356237309537,1.0,0.0,0.0,0.5,1.0,0.5,-1.3333333333333333,-2.0,0.0,0.0,-0.3333333333333333,0.0,-1.0,-0.9523809523809526,0.0,-0.5,0.5,0.0,0.0
53,-0.5,-0.5000000000000001,0.0,0.0,0.0,-0.5,-0.5,0.0,-1.0,1.0,1.0,1.0,1.0,1.0,-1.0,0.0,-0.05722018388784843,-0.0,0.0,-0.41421356237309537,1.0,0.0,0.0,0.5,1.0,0.5,-1.3333333333333333,-2.0,0.0,0.0,-0.3333333333333333,0.0,-1.0,-0.9523809523809526,0.0,-0.5,0.5,0.0,0.0
54,0.0,0.0,0.0,-0.5,0.0,0.0,0.0,0.0,0.0,1.0,1.0,1.0,1.0,1.0,0.0,-1.0,1.0437784801966772,-0.0,5.9808329400112825e-09,0.0,0.0,-0.5,-1.0,1.0,1.0,0.0,0.0,0.0,0.0,0.0,0.3333333333333333,1.0,1.0,0.7142857142857139,-1.0,0.0,0.0,0.0,0.0
55,0.0,0.0,0.0,-0.5,0.0,0.0,0.0,0.0,0.0,1.0,1.0,1.0,1.0,1.0,0.0,-1.0,1.0437784801966772,-0.0,0.0,-1.5700924586837762e-16,0.0,-0.5,-1.0,1.0,1.0,0.0,0.0,0.0,0.0,0.0,0.3333333333333333,1.0,1.0,0.7142857142857139,-1.0,0.0,0.0,0.0,0.0
56,1.0,1.0,1.0,-1.0,2.0,1.0,1.0,0.0,0.0,1.0,1.0,1.0,2.0,2.0,0.0,-1.0,1.1175839783194566,-0.0,0.7320508075688774,0.9999999999999997,0.0,-0.5,-1.0,3.0,3.0,1.0,0.0,0.0,0.0,0.0,-0.6666666666666666,-1.0,1.0,0.7142857142857139,-1.0,-0.5,0.5,0.0,0.0
57,1.0,1.0,1.0,-1.0,2.0,1.0,1.0,0.0,0.0,1.0,1.0,1.0,2.0,2.0,0.0,-1.0,1.1175839783194566,-0.0,0.7320508075688774,0.9999999999999997,0.0,-0.5,-1.0,3.0,3.0,1.0,0.0,0.0,0.0,0.0,-0.6666666666666666,-1.0,1.0,0.7142857142857139,-1.0,-0.5,0.5,0.0,0.0
58,1.0,1.0,1.0,-1.0,2.0,1.0,1.0,0.0,0.0,1.0,1.0,1.0,2.0,2.0,0.0,-1.0,1.1175839783194566,-0.0,0.7320508075688767,0.9999999999999997,0.0,-0.5,-1.0,3.0,3.0,1.0,0.0,0.0,0.0,0.0,-0.6666666666666666,-1.0,1.0,0.7142857142857139,-1.0,-0.5,0.5,0.0,0.0
59,1.0,1.0,1.0,-1.0,2.0,1.0,1.0,0.0,0.0,1.0,1.0,1.0,2.0,2.0,0.0,-1.0,1.1175839783194566,-0.0,0.7320508075688772,0.9999999999999997,0.0,-0.5,-1.0,3.0,3.0,1.0,0.0,0.0,0.0,0.0,-0.6666666666666666,-1.0,1.0,0.7142857142857139,-1.0,-0.5,0.5,0.0,0.0
60,-0.5,-0.5000000000000001,0.0,0.5,-1.0,-0.5,-0.5,1.0,-1.0,0.0,0.0,0.0,0.0,0.0,-1.0,0.0,-1.8544028652134763,1.0889736868180786,0.0,-0.41421356237309537,1.0,0.5,0.0,0.0,0.0,0.0,-1.3333333333333333,-1.0,4.5,0.0,0.0,0.0,-1.0,-0.9523809523809526,1.0,-0.5,0.5,0.0,0.0
61,0.0,0.0,0.0,0.5,-1.0,0.0,0.0,0.0,0.0,0.0,0.0,0.0,0.0,0.0,0.0,0.0,0.0,1.0,0.0,-0.41421356237309537,2.0,1.0,0.0,0.0,0.0,0.5,-1.5555555555555554,-2.0,1.0,-0.7071067811865479,-0.3333333333333333,0.0,-1.0,-0.9523809523809526,0.0,-0.5,0.5,0.0,0.0
62,-0.5,-0.5000000000000001,0.0,0.5,-1.0,-0.5,-0.5,1.0,-1.0,0.0,0.0,0.0,0.0,0.0,-1.0,0.0,-1.8544028652134763,1.0889736868180786,0.0,-0.41421356237309537,1.0,0.5,0.0,0.0,0.0,0.0,-1.3333333333333333,-1.0,4.5,0.0,0.0,0.0,-1.0,-0.9523809523809526,1.0,-0.5,0.5,0.0,0.0
63,-0.5,-0.5000000000000001,0.0,0.5,-1.0,-0.5,-0.5,0.0,-1.0,0.0,0.0,0.0,0.0,0.0,-1.0,0.0,-0.05722018388784843,1.0889736868180786,0.0,-0.41421356237309537,1.0,0.5,0.0,0.0,0.0,0.0,-1.3333333333333333,-1.0,4.5,0.0,0.3333333333333333,1.0,0.0,0.15873015873015814,0.0,0.0,0.0,0.0,0.0
64,-0.5,-0.5000000000000001,0.0,0.5,-1.0,-0.5,-0.5,0.0,-1.0,0.0,0.0,0.0,0.0,0.0,-1.0,0.0,-0.05722018388784843,1.0889736868180786,0.0,-0.41421356237309537,1.0,0.5,0.0,0.0,0.0,0.0,-1.3333333333333333,-1.0,4.5,0.0,0.3333333333333333,1.0,0.0,0.15873015873015814,0.0,0.0,0.0,0.0,0.0
65,-0.5,-0.5000000000000001,0.0,0.5,-1.0,-0.5,-0.5,0.0,-1.0,0.0,0.0,0.0,0.0,0.0,-1.0,0.0,-0.05722018388784843,1.0889736868180786,0.0,-0.41421356237309537,1.0,0.5,0.0,0.0,0.0,0.0,-1.3333333333333333,-1.0,4.5,0.0,0.3333333333333333,1.0,0.0,0.15873015873015814,0.0,0.0,0.0,0.0,0.0
66,0.0,0.0,0.0,0.5,-1.0,0.0,0.0,0.0,0.0,0.0,0.0,0.0,0.0,0.0,0.0,0.0,0.0,1.0,0.0,-0.41421356237309537,2.0,1.0,0.0,0.0,0.0,0.5,-1.5555555555555554,-2.0,1.0,-0.7071067811865479,-0.3333333333333333,0.0,-1.0,-0.9523809523809526,0.0,-0.5,0.5,0.0,0.0
67,-0.5,-0.5000000000000001,0.0,0.5,-1.0,-0.5,-0.5,1.0,-1.0,0.0,0.0,0.0,0.0,0.0,-1.0,0.0,-1.8544028652134763,1.0889736868180786,0.0,-0.41421356237309537,1.0,0.5,0.0,0.0,0.0,0.0,-1.3333333333333333,-1.0,4.5,0.0,0.0,0.0,-1.0,-0.9523809523809526,1.0,-0.5,0.5,0.0,0.0
68,0.0,0.0,0.0,0.5,-1.0,0.0,0.0,0.0,0.0,0.0,0.0,0.0,0.0,0.0,0.0,0.0,0.0,1.0,0.0,-0.41421356237309537,2.0,1.0,0.0,0.0,0.0,0.5,-1.5555555555555554,-2.0,1.0,-0.7071067811865479,-0.3333333333333333,0.0,-1.0,-0.9523809523809526,0.0,-0.5,0.5,0.0,0.0
69,0.0,0.0,0.0,0.0,0.0,0.0,0.0,0.0,0.0,0.0,0.0,0.0,0.0,0.0,0.0,-1.0,1.0437784801966772,-0.0,0.0,0.0,0.0,0.0,0.0,0.0,0.0,-0.5,0.0,0.0,0.0,0.0,1.3333333333333333,2.0,1.0,0.9523809523809518,-1.0,0.5,-0.5,0.0,0.0
70,-0.5,-0.5000000000000001,0.0,0.0,0.0,-0.5,-0.5,0.0,-1.0,1.0,1.0,1.0,1.0,1.0,-1.0,0.0,-0.05722018388784843,-0.0,0.0,-1.5700924586837762e-16,0.0,-0.5,-1.0,1.0,1.0,0.0,0.0,0.0,0.0,0.0,0.3333333333333333,1.0,1.0,0.9523809523809518,0.0,0.0,0.0,0.0,0.0
71,0.0,0.0,0.0,0.0,0.0,0.0,0.0,0.0,0.0,0.0,0.0,0.0,0.0,0.0,0.0,-1.0,1.0437784801966772,-0.0,0.0,-1.5700924586837762e-16,0.0,0.0,0.0,0.0,0.0,-0.5,0.0,0.0,0.0,0.0,1.3333333333333333,2.0,1.0,0.9523809523809518,-1.0,0.5,-0.5,0.0,0.0
72,-0.5,-0.5000000000000001,0.0,0.0,0.0,-0.5,-0.5,0.0,-1.0,1.0,1.0,1.0,1.0,1.0,-1.0,0.0,-0.05722018388784843,-0.0,0.0,-1.5700924586837762e-16,0.0,-0.5,-1.0,1.0,1.0,0.0,0.0,0.0,0.0,0.0,0.3333333333333333,1.0,1.0,0.9523809523809518,0.0,0.0,0.0,0.0,0.0
73,0.0,0.0,0.0,0.0,0.0,0.0,0.0,0.0,0.0,0.0,0.0,0.0,0.0,0.0,0.0,-1.0,1.0437784801966772,-0.0,0.0,0.0,0.0,0.0,0.0,0.0,0.0,-0.5,0.0,0.0,0.0,0.0,1.3333333333333333,2.0,1.0,0.9523809523809518,-1.0,0.5,-0.5,0.0,0.0
74,-0.5,-0.5000000000000001,0.0,0.0,0.0,-0.5,-0.5,0.0,-1.0,1.0,1.0,1.0,1.0,1.0,-1.0,0.0,-0.05722018388784843,-0.0,0.0,0.0,0.0,-0.5,-1.0,1.0,1.0,0.0,0.0,0.0,0.0,0.0,0.3333333333333333,1.0,1.0,0.9523809523809518,0.0,0.0,0.0,0.0,0.0
75,0.0,0.0,0.0,0.0,0.0,0.0,0.0,0.0,0.0,1.0,1.0,1.0,1.0,1.0,0.0,0.0,0.0,1.0889736868180786,0.0,0.0,1.0,0.0,0.0,0.5,1.0,0.5,-1.0,-1.0,1.125,0.0,-0.3333333333333333,0.0,0.0,-0.28571428571428614,0.0,-0.5,0.5,0.0,0.0
76,0.0,0.0,0.0,0.0,0.0,0.0,0.0,1.0,0.0,0.0,0.0,0.0,0.0,0.0,0.0,0.0,-0.3939676648638247,-0.0,0.0,-1.5700924586837762e-16,0.0,0.0,0.0,0.0,0.0,-0.5,0.0,0.0,0.0,0.0,0.6666666666666666,1.0,0.0,-0.28571428571428614,0.0,0.5,-0.5,0.0,0.0
77,0.0,0.0,0.0,0.0,0.0,0.0,0.0,0.0,0.0,1.0,1.0,1.0,1.0,1.0,0.0,0.0,0.0,1.0889736868180786,0.0,-1.5700924586837762e-16,1.0,0.0,0.0,0.5,1.0,0.5,-1.0,-1.0,1.125,0.0,-0.3333333333333333,0.0,0.0,-0.28571428571428614,0.0,-0.5,0.5,0.0,0.0
78,0.0,0.0,0.0,0.0,0.0,0.0,0.0,1.0,0.0,0.0,0.0,0.0,0.0,0.0,0.0,0.0,-0.3939676648638247,-0.0,0.0,0.0,0.0,0.0,0.0,0.0,0.0,-0.5,0.0,0.0,0.0,0.0,0.6666666666666666,1.0,0.0,-0.28571428571428614,0.0,0.5,-0.5,0.0,0.0
79,0.0,0.0,0.0,0.0,0.0,0.0,0.0,0.0,0.0,1.0,1.0,1.0,1.0,1.0,0.0,0.0,0.0,1.0889736868180786,0.0,0.0,1.0,0.0,0.0,0.5,1.0,0.5,-1.0,-1.0,1.125,0.0,-0.3333333333333333,0.0,0.0,-0.28571428571428614,0.0,-0.5,0.5,0.0,0.0
80,0.0,0.0,0.0,0.0,0.0,0.0,0.0,1.0,0.0,0.0,0.0,0.0,0.0,0.0,0.0,0.0,-0.3939676648638247,-0.0,0.0,0.0,0.0,0.0,0.0,0.0,0.0,-0.5,0.0,0.0,0.0,0.0,0.6666666666666666,1.0,0.0,-0.28571428571428614,0.0,0.5,-0.5,0.0,0.0
81,1.0,1.0,0.0,-0.5,1.0,1.0,1.0,1.0,0.0,0.0,0.0,0.0,0.0,0.0,0.0,0.0,0.8361785034167241,-0.0,0.41421356237309515,0.9999999999999997,0.0,0.0,0.0,0.0,0.0,-0.5,0.0,0.0,0.0,0.0,0.6666666666666666,1.0,0.0,0.15873015873015814,-1.0,0.5,-0.5,0.0,0.0
82,0.5,0.49999999999999983,0.0,-0.5,1.0,0.5,0.5,0.0,0.0,1.0,1.0,1.0,1.5,1.5,0.23262290680731132,-1.0,0.16448489080324494,-0.0,0.4142135623730956,0.9999999999999997,0.0,-0.5,-1.0,2.0,2.0,0.5,0.0,0.0,0.0,0.0,-0.3333333333333333,0.0,0.0,0.15873015873015814,0.0,-0.5,0.5,0.0,0.0
83,1.0,1.0,0.0,-0.5,1.0,1.0,1.0,1.0,0.0,0.0,0.0,0.0,0.0,0.0,0.0,0.0,0.8361785034167241,-0.0,0.41421356237309515,0.9999999999999997,0.0,0.0,0.0,0.0,0.0,-0.5,0.0,0.0,0.0,0.0,0.6666666666666666,1.0,0.0,0.15873015873015814,-1.0,0.5,-0.5,0.0,0.0
84,0.5,0.49999999999999983,1.0,-1.0,2.0,0.5,0.5,0.0,0.0,1.0,1.0,1.0,2.0,2.0,0.23262290680731132,-0.7259824578787191,1.0343002909671426,-0.0,0.5537739740300378,0.9999999999999997,0.0,-0.5,-1.0,3.0,3.0,1.0,0.0,0.0,0.0,0.0,-0.6666666666666666,-1.0,1.0,1.2698412698412695,-1.0,-0.5,0.5,0.0,0.0
85,0.5,0.49999999999999983,1.0,-1.0,2.0,0.5,0.5,0.0,0.0,1.0,1.0,1.0,2.0,2.0,0.23262290680731132,-0.7259824578787191,1.0343002909671426,-0.0,0.5537739740300385,0.9999999999999997,0.0,-0.5,-1.0,3.0,3.0,1.0,0.0,0.0,0.0,0.0,-0.6666666666666666,-1.0,1.0,1.2698412698412695,-1.0,-0.5,0.5,0.0,0.0
86,0.5,0.49999999999999983,1.0,-1.0,2.0,0.5,0.5,0.0,0.0,1.0,1.0,1.0,2.0,2.0,0.23262290680731132,-0.7259824578787191,1.0343002909671426,-0.0,0.5537739740300376,0.9999999999999997,0.0,-0.5,-1.0,3.0,3.0,1.0,0.0,0.0,0.0,0.0,-0.6666666666666666,-1.0,1.0,1.2698412698412695,-1.0,-0.5,0.5,0.0,0.0
87,0.5,0.49999999999999983,0.0,-0.5,1.0,0.5,0.5,0.0,0.0,1.0,1.0,1.0,1.5,1.5,0.23262290680731132,-1.0,0.16448489080324494,-0.0,0.4142135623730956,0.9999999999999997,0.0,-0.5,-1.0,2.0,2.0,0.5,0.0,0.0,0.0,0.0,-0.3333333333333333,0.0,0.0,0.15873015873015814,0.0,-0.5,0.5,0.0,0.0
88,1.0,1.0,0.0,-0.5,1.0,1.0,1.0,1.0,0.0,0.0,0.0,0.0,0.0,0.0,0.0,0.0,0.8361785034167241,-0.0,0.4142135623730956,0.9999999999999997,0.0,0.0,0.0,0.0,0.0,-0.5,0.0,0.0,0.0,0.0,0.6666666666666666,1.0,0.0,0.15873015873015814,-1.0,0.5,-0.5,0.0,0.0
89,0.5,0.49999999999999983,0.0,-0.5,1.0,0.5,0.5,0.0,0.0,1.0,1.0,1.0,1.5,1.5,0.23262290680731132,-1.0,0.16448489080324494,-0.0,0.4142135623730956,0.9999999999999997,0.0,-0.5,-1.0,2.0,2.0,0.5,0.0,0.0,0.0,0.0,-0.3333333333333333,0.0,0.0,0.15873015873015814,0.0,-0.5,0.5,0.0,0.0
