network_id,class,graph_in_class,graph_global_id,graph_desc,logic_code,rule_A,rule_B,from_state,to_state,update_scheme,selected_node,is_self_loop
1,1,1,1,A→B,AA,A' = 1,B' = A,00,10,sync,A+B,0
1,1,1,1,A→B,AA,A' = 1,B' = A,01,10,sync,A+B,0
1,1,1,1,A→B,AA,A' = 1,B' = A,10,11,sync,A+B,0
1,1,1,1,A→B,AA,A' = 1,B' = A,11,11,sync,A+B,1
2,1,1,1,A→B,OA,A' = 0,B' = A,00,00,sync,A+B,1
2,1,1,1,A→B,OA,A' = 0,B' = A,01,00,sync,A+B,0
2,1,1,1,A→B,OA,A' = 0,B' = A,10,01,sync,A+B,0
2,1,1,1,A→B,OA,A' = 0,B' = A,11,01,sync,A+B,0
3,1,2,2,A⊣B,AA,A' = 1,B' = !A,00,11,sync,A+B,0
3,1,2,2,A⊣B,AA,A' = 1,B' = !A,01,11,sync,A+B,0
3,1,2,2,A⊣B,AA,A' = 1,B' = !A,10,10,sync,A+B,1
3,1,2,2,A⊣B,AA,A' = 1,B' = !A,11,10,sync,A+B,0
4,1,2,2,A⊣B,OA,A' = 0,B' = !A,00,01,sync,A+B,0
4,1,2,2,A⊣B,OA,A' = 0,B' = !A,01,01,sync,A+B,1
4,1,2,2,A⊣B,OA,A' = 0,B' = !A,10,00,sync,A+B,0
4,1,2,2,A⊣B,OA,A' = 0,B' = !A,11,00,sync,A+B,0
5,2,1,3,"A→B,B→A",AA,A' = B,B' = A,00,00,sync,A+B,1
5,2,1,3,"A→B,B→A",AA,A' = B,B' = A,01,10,sync,A+B,0
5,2,1,3,"A→B,B→A",AA,A' = B,B' = A,10,01,sync,A+B,0
5,2,1,3,"A→B,B→A",AA,A' = B,B' = A,11,11,sync,A+B,1
6,2,2,4,"A→B,B⊣A",AA,A' = !B,B' = A,00,10,sync,A+B,0
6,2,2,4,"A→B,B⊣A",AA,A' = !B,B' = A,01,00,sync,A+B,0
6,2,2,4,"A→B,B⊣A",AA,A' = !B,B' = A,10,11,sync,A+B,0
6,2,2,4,"A→B,B⊣A",AA,A' = !B,B' = A,11,01,sync,A+B,0
7,2,3,5,"A⊣B,B⊣A",AA,A' = !B,B' = !A,00,11,sync,A+B,0
7,2,3,5,"A⊣B,B⊣A",AA,A' = !B,B' = !A,01,01,sync,A+B,1
7,2,3,5,"A⊣B,B⊣A",AA,A' = !B,B' = !A,10,10,sync,A+B,1
7,2,3,5,"A⊣B,B⊣A",AA,A' = !B,B' = !A,11,00,sync,A+B,0
8,3,1,6,"A→A,A→B",AA,A' = A,B' = A,00,00,sync,A+B,1
8,3,1,6,"A→A,A→B",AA,A' = A,B' = A,01,00,sync,A+B,0
8,3,1,6,"A→A,A→B",AA,A' = A,B' = A,10,11,sync,A+B,0
8,3,1,6,"A→A,A→B",AA,A' = A,B' = A,11,11,sync,A+B,1
9,3,2,7,"A→A,A⊣B",AA,A' = A,B' = !A,00,01,sync,A+B,0
9,3,2,7,"A→A,A⊣B",AA,A' = A,B' = !A,01,01,sync,A+B,1
9,3,2,7,"A→A,A⊣B",AA,A' = A,B' = !A,10,10,sync,A+B,1
9,3,2,7,"A→A,A⊣B",AA,A' = A,B' = !A,11,10,sync,A+B,0
10,3,3,8,"A⊣A,A→B",AA,A' = !A,B' = A,00,10,sync,A+B,0
10,3,3,8,"A⊣A,A→B",AA,A' = !A,B' = A,01,10,sync,A+B,0
10,3,3,8,"A⊣A,A→B",AA,A' = !A,B' = A,10,01,sync,A+B,0
10,3,3,8,"A⊣A,A→B",AA,A' = !A,B' = A,11,01,sync,A+B,0
11,3,4,9,"A⊣A,A⊣B",AA,A' = !A,B' = !A,00,11,sync,A+B,0
11,3,4,9,"A⊣A,A⊣B",AA,A' = !A,B' = !A,01,11,sync,A+B,0
11,3,4,9,"A⊣A,A⊣B",AA,A' = !A,B' = !A,10,00,sync,A+B,0
11,3,4,9,"A⊣A,A⊣B",AA,A' = !A,B' = !A,11,00,sync,A+B,0
12,4,1,10,"A→A,B→A",AA,A' = A & B,B' = 1,00,01,sync,A+B,0
12,4,1,10,"A→A,B→A",AA,A' = A & B,B' = 1,01,01,sync,A+B,1
12,4,1,10,"A→A,B→A",AA,A' = A & B,B' = 1,10,01,sync,A+B,0
12,4,1,10,"A→A,B→A",AA,A' = A & B,B' = 1,11,11,sync,A+B,1
13,4,1,10,"A→A,B→A",AO,A' = A & B,B' = 0,00,00,sync,A+B,1
13,4,1,10,"A→A,B→A",AO,A' = A & B,B' = 0,01,00,sync,A+B,0
13,4,1,10,"A→A,B→A",AO,A' = A & B,B' = 0,10,00,sync,A+B,0
13,4,1,10,"A→A,B→A",AO,A' = A & B,B' = 0,11,10,sync,A+B,0
14,4,1,10,"A→A,B→A",OA,A' = A | B,B' = 1,00,01,sync,A+B,0
14,4,1,10,"A→A,B→A",OA,A' = A | B,B' = 1,01,11,sync,A+B,0
14,4,1,10,"A→A,B→A",OA,A' = A | B,B' = 1,10,11,sync,A+B,0
14,4,1,10,"A→A,B→A",OA,A' = A | B,B' = 1,11,11,sync,A+B,1
15,4,1,10,"A→A,B→A",OO,A' = A | B,B' = 0,00,00,sync,A+B,1
15,4,1,10,"A→A,B→A",OO,A' = A | B,B' = 0,01,10,sync,A+B,0
15,4,1,10,"A→A,B→A",OO,A' = A | B,B' = 0,10,10,sync,A+B,1
15,4,1,10,"A→A,B→A",OO,A' = A | B,B' = 0,11,10,sync,A+B,0
16,4,2,11,"A→A,B⊣A",AA,A' = A & !B,B' = 1,00,01,sync,A+B,0
16,4,2,11,"A→A,B⊣A",AA,A' = A & !B,B' = 1,01,01,sync,A+B,1
16,4,2,11,"A→A,B⊣A",AA,A' = A & !B,B' = 1,10,11,sync,A+B,0
16,4,2,11,"A→A,B⊣A",AA,A' = A & !B,B' = 1,11,01,sync,A+B,0
17,4,2,11,"A→A,B⊣A",AO,A' = A & !B,B' = 0,00,00,sync,A+B,1
17,4,2,11,"A→A,B⊣A",AO,A' = A & !B,B' = 0,01,00,sync,A+B,0
17,4,2,11,"A→A,B⊣A",AO,A' = A & !B,B' = 0,10,10,sync,A+B,1
17,4,2,11,"A→A,B⊣A",AO,A' = A & !B,B' = 0,11,00,sync,A+B,0
18,4,2,11,"A→A,B⊣A",OA,A' = A | !B,B' = 1,00,11,sync,A+B,0
18,4,2,11,"A→A,B⊣A",OA,A' = A | !B,B' = 1,01,01,sync,A+B,1
18,4,2,11,"A→A,B⊣A",OA,A' = A | !B,B' = 1,10,11,sync,A+B,0
18,4,2,11,"A→A,B⊣A",OA,A' = A | !B,B' = 1,11,11,sync,A+B,1
19,4,2,11,"A→A,B⊣A",OO,A' = A | !B,B' = 0,00,10,sync,A+B,0
19,4,2,11,"A→A,B⊣A",OO,A' = A | !B,B' = 0,01,00,sync,A+B,0
19,4,2,11,"A→A,B⊣A",OO,A' = A | !B,B' = 0,10,10,sync,A+B,1
19,4,2,11,"A→A,B⊣A",OO,A' = A | !B,B' = 0,11,10,sync,A+B,0
20,4,3,12,"A⊣A,B→A",AA,A' = !A & B,B' = 1,00,01,sync,A+B,0
20,4,3,12,"A⊣A,B→A",AA,A' = !A & B,B' = 1,01,11,sync,A+B,0
20,4,3,12,"A⊣A,B→A",AA,A' = !A & B,B' = 1,10,01,sync,A+B,0
20,4,3,12,"A⊣A,B→A",AA,A' = !A & B,B' = 1,11,01,sync,A+B,0
21,4,3,12,"A⊣A,B→A",AO,A' = !A & B,B' = 0,00,00,sync,A+B,1
21,4,3,12,"A⊣A,B→A",AO,A' = !A & B,B' = 0,01,10,sync,A+B,0
21,4,3,12,"A⊣A,B→A",AO,A' = !A & B,B' = 0,10,00,sync,A+B,0
21,4,3,12,"A⊣A,B→A",AO,A' = !A & B,B' = 0,11,00,sync,A+B,0
22,4,3,12,"A⊣A,B→A",OA,A' = !A | B,B' = 1,00,11,sync,A+B,0
22,4,3,12,"A⊣A,B→A",OA,A' = !A | B,B' = 1,01,11,sync,A+B,0
22,4,3,12,"A⊣A,B→A",OA,A' = !A | B,B' = 1,10,01,sync,A+B,0
22,4,3,12,"A⊣A,B→A",OA,A' = !A | B,B' = 1,11,11,sync,A+B,1
23,4,3,12,"A⊣A,B→A",OO,A' = !A | B,B' = 0,00,10,sync,A+B,0
23,4,3,12,"A⊣A,B→A",OO,A' = !A | B,B' = 0,01,10,sync,A+B,0
23,4,3,12,"A⊣A,B→A",OO,A' = !A | B,B' = 0,10,00,sync,A+B,0
23,4,3,12,"A⊣A,B→A",OO,A' = !A | B,B' = 0,11,10,sync,A+B,0
24,4,4,13,"A⊣A,B⊣A",AA,A' = !A & !B,B' = 1,00,11,sync,A+B,0
24,4,4,13,"A⊣A,B⊣A",AA,A' = !A & !B,B' = 1,01,01,sync,A+B,1
24,4,4,13,"A⊣A,B⊣A",AA,A' = !A & !B,B' = 1,10,01,sync,A+B,0
24,4,4,13,"A⊣A,B⊣A",AA,A' = !A & !B,B' = 1,11,01,sync,A+B,0
25,4,4,13,"A⊣A,B⊣A",AO,A' = !A & !B,B' = 0,00,10,sync,A+B,0
25,4,4,13,"A⊣A,B⊣A",AO,A' = !A & !B,B' = 0,01,00,sync,A+B,0
25,4,4,13,"A⊣A,B⊣A",AO,A' = !A & !B,B' = 0,10,00,sync,A+B,0
25,4,4,13,"A⊣A,B⊣A",AO,A' = !A & !B,B' = 0,11,00,sync,A+B,0
26,4,4,13,"A⊣A,B⊣A",OA,A' = !A | !B,B' = 1,00,11,sync,A+B,0
26,4,4,13,"A⊣A,B⊣A",OA,A' = !A | !B,B' = 1,01,11,sync,A+B,0
26,4,4,13,"A⊣A,B⊣A",OA,A' = !A | !B,B' = 1,10,11,sync,A+B,0
26,4,4,13,"A⊣A,B⊣A",OA,A' = !A | !B,B' = 1,11,01,sync,A+B,0
27,4,4,13,"A⊣A,B⊣A",OO,A' = !A | !B,B' = 0,00,10,sync,A+B,0
27,4,4,13,"A⊣A,B⊣A",OO,A' = !A | !B,B' = 0,01,10,sync,A+B,0
27,4,4,13,"A⊣A,B⊣A",OO,A' = !A | !B,B' = 0,10,10,sync,A+B,1
27,4,4,13,"A⊣A,B⊣A",OO,A' = !A | !B,B' = 0,11,00,sync,A+B,0
28,5,1,14,"A→A,A→B,B→A",AA,A' = A & B,B' = A,00,00,sync,A+B,1
28,5,1,14,"A→A,A→B,B→A",AA,A' = A & B,B' = A,01,00,sync,A+B,0
28,5,1,14,"A→A,A→B,B→A",AA,A' = A & B,B' = A,10,01,sync,A+B,0
28,5,1,14,"A→A,A→B,B→A",AA,A' = A & B,B' = A,11,11,sync,A+B,1
29,5,1,14,"A→A,A→B,B→A",OA,A' = A | B,B' = A,00,00,sync,A+B,1
29,5,1,14,"A→A,A→B,B→A",OA,A' = A | B,B' = A,01,10,sync,A+B,0
29,5,1,14,"A→A,A→B,B→A",OA,A' = A | B,B' = A,10,11,sync,A+B,0
29,5,1,14,"A→A,A→B,B→A",OA,A' = A | B,B' = A,11,11,sync,A+B,1
30,5,2,15,"A→A,A→B,B⊣A",AA,A' = A & !B,B' = A,00,00,sync,A+B,1
30,5,2,15,"A→A,A→B,B⊣A",AA,A' = A & !B,B' = A,01,00,sync,A+B,0
30,5,2,15,"A→A,A→B,B⊣A",AA,A' = A & !B,B' = A,10,11,sync,A+B,0
30,5,2,15,"A→A,A→B,B⊣A",AA,A' = A & !B,B' = A,11,01,sync,A+B,0
31,5,2,15,"A→A,A→B,B⊣A",OA,A' = A | !B,B' = A,00,10,sync,A+B,0
31,5,2,15,"A→A,A→B,B⊣A",OA,A' = A | !B,B' = A,01,00,sync,A+B,0
31,5,2,15,"A→A,A→B,B⊣A",OA,A' = A | !B,B' = A,10,11,sync,A+B,0
31,5,2,15,"A→A,A→B,B⊣A",OA,A' = A | !B,B' = A,11,11,sync,A+B,1
32,5,3,16,"A→A,A⊣B,B→A",AA,A' = A & B,B' = !A,00,01,sync,A+B,0
32,5,3,16,"A→A,A⊣B,B→A",AA,A' = A & B,B' = !A,01,01,sync,A+B,1
32,5,3,16,"A→A,A⊣B,B→A",AA,A' = A & B,B' = !A,10,00,sync,A+B,0
32,5,3,16,"A→A,A⊣B,B→A",AA,A' = A & B,B' = !A,11,10,sync,A+B,0
33,5,3,16,"A→A,A⊣B,B→A",OA,A' = A | B,B' = !A,00,01,sync,A+B,0
33,5,3,16,"A→A,A⊣B,B→A",OA,A' = A | B,B' = !A,01,11,sync,A+B,0
33,5,3,16,"A→A,A⊣B,B→A",OA,A' = A | B,B' = !A,10,10,sync,A+B,1
33,5,3,16,"A→A,A⊣B,B→A",OA,A' = A | B,B' = !A,11,10,sync,A+B,0
34,5,4,17,"A→A,A⊣B,B⊣A",AA,A' = A & !B,B' = !A,00,01,sync,A+B,0
34,5,4,17,"A→A,A⊣B,B⊣A",AA,A' = A & !B,B' = !A,01,01,sync,A+B,1
34,5,4,17,"A→A,A⊣B,B⊣A",AA,A' = A & !B,B' = !A,10,10,sync,A+B,1
34,5,4,17,"A→A,A⊣B,B⊣A",AA,A' = A & !B,B' = !A,11,00,sync,A+B,0
35,5,4,17,"A→A,A⊣B,B⊣A",OA,A' = A | !B,B' = !A,00,11,sync,A+B,0
35,5,4,17,"A→A,A⊣B,B⊣A",OA,A' = A | !B,B' = !A,01,01,sync,A+B,1
35,5,4,17,"A→A,A⊣B,B⊣A",OA,A' = A | !B,B' = !A,10,10,sync,A+B,1
35,5,4,17,"A→A,A⊣B,B⊣A",OA,A' = A | !B,B' = !A,11,10,sync,A+B,0
36,5,5,18,"A⊣A,A→B,B→A",AA,A' = !A & B,B' = A,00,00,sync,A+B,1
36,5,5,18,"A⊣A,A→B,B→A",AA,A' = !A & B,B' = A,01,10,sync,A+B,0
36,5,5,18,"A⊣A,A→B,B→A",AA,A' = !A & B,B' = A,10,01,sync,A+B,0
36,5,5,18,"A⊣A,A→B,B→A",AA,A' = !A & B,B' = A,11,01,sync,A+B,0
37,5,5,18,"A⊣A,A→B,B→A",OA,A' = !A | B,B' = A,00,10,sync,A+B,0
37,5,5,18,"A⊣A,A→B,B→A",OA,A' = !A | B,B' = A,01,10,sync,A+B,0
37,5,5,18,"A⊣A,A→B,B→A",OA,A' = !A | B,B' = A,10,01,sync,A+B,0
37,5,5,18,"A⊣A,A→B,B→A",OA,A' = !A | B,B' = A,11,11,sync,A+B,1
38,5,6,19,"A⊣A,A→B,B⊣A",AA,A' = !A & !B,B' = A,00,10,sync,A+B,0
38,5,6,19,"A⊣A,A→B,B⊣A",AA,A' = !A & !B,B' = A,01,00,sync,A+B,0
38,5,6,19,"A⊣A,A→B,B⊣A",AA,A' = !A & !B,B' = A,10,01,sync,A+B,0
38,5,6,19,"A⊣A,A→B,B⊣A",AA,A' = !A & !B,B' = A,11,01,sync,A+B,0
39,5,6,19,"A⊣A,A→B,B⊣A",OA,A' = !A | !B,B' = A,00,10,sync,A+B,0
39,5,6,19,"A⊣A,A→B,B⊣A",OA,A' = !A | !B,B' = A,01,10,sync,A+B,0
39,5,6,19,"A⊣A,A→B,B⊣A",OA,A' = !A | !B,B' = A,10,11,sync,A+B,0
39,5,6,19,"A⊣A,A→B,B⊣A",OA,A' = !A | !B,B' = A,11,01,sync,A+B,0
40,5,7,20,"A⊣A,A⊣B,B→A",AA,A' = !A & B,B' = !A,00,01,sync,A+B,0
40,5,7,20,"A⊣A,A⊣B,B→A",AA,A' = !A & B,B' = !A,01,11,sync,A+B,0
40,5,7,20,"A⊣A,A⊣B,B→A",AA,A' = !A & B,B' = !A,10,00,sync,A+B,0
40,5,7,20,"A⊣A,A⊣B,B→A",AA,A' = !A & B,B' = !A,11,00,sync,A+B,0
41,5,7,20,"A⊣A,A⊣B,B→A",OA,A' = !A | B,B' = !A,00,11,sync,A+B,0
41,5,7,20,"A⊣A,A⊣B,B→A",OA,A' = !A | B,B' = !A,01,11,sync,A+B,0
41,5,7,20,"A⊣A,A⊣B,B→A",OA,A' = !A | B,B' = !A,10,00,sync,A+B,0
41,5,7,20,"A⊣A,A⊣B,B→A",OA,A' = !A | B,B' = !A,11,10,sync,A+B,0
42,5,8,21,"A⊣A,A⊣B,B⊣A",AA,A' = !A & !B,B' = !A,00,11,sync,A+B,0
42,5,8,21,"A⊣A,A⊣B,B⊣A",AA,A' = !A & !B,B' = !A,01,01,sync,A+B,1
42,5,8,21,"A⊣A,A⊣B,B⊣A",AA,A' = !A & !B,B' = !A,10,00,sync,A+B,0
42,5,8,21,"A⊣A,A⊣B,B⊣A",AA,A' = !A & !B,B' = !A,11,00,sync,A+B,0
43,5,8,21,"A⊣A,A⊣B,B⊣A",OA,A' = !A | !B,B' = !A,00,11,sync,A+B,0
43,5,8,21,"A⊣A,A⊣B,B⊣A",OA,A' = !A | !B,B' = !A,01,11,sync,A+B,0
43,5,8,21,"A⊣A,A⊣B,B⊣A",OA,A' = !A | !B,B' = !A,10,10,sync,A+B,1
43,5,8,21,"A⊣A,A⊣B,B⊣A",OA,A' = !A | !B,B' = !A,11,00,sync,A+B,0
44,6,1,22,"A→A,B→B,A→B",AA,A' = A & B,B' = B,00,00,sync,A+B,1
44,6,1,22,"A→A,B→B,A→B",AA,A' = A & B,B' = B,01,01,sync,A+B,1
44,6,1,22,"A→A,B→B,A→B",AA,A' = A & B,B' = B,10,00,sync,A+B,0
44,6,1,22,"A→A,B→B,A→B",AA,A' = A & B,B' = B,11,11,sync,A+B,1
45,6,1,22,"A→A,B→B,A→B",OA,A' = A | B,B' = B,00,00,sync,A+B,1
45,6,1,22,"A→A,B→B,A→B",OA,A' = A | B,B' = B,01,11,sync,A+B,0
45,6,1,22,"A→A,B→B,A→B",OA,A' = A | B,B' = B,10,10,sync,A+B,1
45,6,1,22,"A→A,B→B,A→B",OA,A' = A | B,B' = B,11,11,sync,A+B,1
46,6,2,23,"A→A,B→B,A⊣B",AA,A' = A & !B,B' = B,00,00,sync,A+B,1
46,6,2,23,"A→A,B→B,A⊣B",AA,A' = A & !B,B' = B,01,01,sync,A+B,1
46,6,2,23,"A→A,B→B,A⊣B",AA,A' = A & !B,B' = B,10,10,sync,A+B,1
46,6,2,23,"A→A,B→B,A⊣B",AA,A' = A & !B,B' = B,11,01,sync,A+B,0
47,6,2,23,"A→A,B→B,A⊣B",OA,A' = A | !B,B' = B,00,10,sync,A+B,0
47,6,2,23,"A→A,B→B,A⊣B",OA,A' = A | !B,B' = B,01,01,sync,A+B,1
47,6,2,23,"A→A,B→B,A⊣B",OA,A' = A | !B,B' = B,10,10,sync,A+B,1
47,6,2,23,"A→A,B→B,A⊣B",OA,A' = A | !B,B' = B,11,11,sync,A+B,1
48,6,3,24,"A→A,B⊣B,A→B",AA,A' = A & B,B' = !B,00,01,sync,A+B,0
48,6,3,24,"A→A,B⊣B,A→B",AA,A' = A & B,B' = !B,01,00,sync,A+B,0
48,6,3,24,"A→A,B⊣B,A→B",AA,A' = A & B,B' = !B,10,01,sync,A+B,0
48,6,3,24,"A→A,B⊣B,A→B",AA,A' = A & B,B' = !B,11,10,sync,A+B,0
49,6,3,24,"A→A,B⊣B,A→B",OA,A' = A | B,B' = !B,00,01,sync,A+B,0
49,6,3,24,"A→A,B⊣B,A→B",OA,A' = A | B,B' = !B,01,10,sync,A+B,0
49,6,3,24,"A→A,B⊣B,A→B",OA,A' = A | B,B' = !B,10,11,sync,A+B,0
49,6,3,24,"A→A,B⊣B,A→B",OA,A' = A | B,B' = !B,11,10,sync,A+B,0
50,6,4,25,"A→A,B⊣B,A⊣B",AA,A' = !A & !B,B' = B,00,10,sync,A+B,0
50,6,4,25,"A→A,B⊣B,A⊣B",AA,A' = !A & !B,B' = B,01,01,sync,A+B,1
50,6,4,25,"A→A,B⊣B,A⊣B",AA,A' = !A & !B,B' = B,10,00,sync,A+B,0
50,6,4,25,"A→A,B⊣B,A⊣B",AA,A' = !A & !B,B' = B,11,01,sync,A+B,0
51,6,4,25,"A→A,B⊣B,A⊣B",OA,A' = !A | !B,B' = B,00,10,sync,A+B,0
51,6,4,25,"A→A,B⊣B,A⊣B",OA,A' = !A | !B,B' = B,01,11,sync,A+B,0
51,6,4,25,"A→A,B⊣B,A⊣B",OA,A' = !A | !B,B' = B,10,10,sync,A+B,1
51,6,4,25,"A→A,B⊣B,A⊣B",OA,A' = !A | !B,B' = B,11,01,sync,A+B,0
52,6,5,26,"A⊣A,B→B,A→B",AA,A' = !A & B,B' = B,00,00,sync,A+B,1
52,6,5,26,"A⊣A,B→B,A→B",AA,A' = !A & B,B' = B,01,11,sync,A+B,0
52,6,5,26,"A⊣A,B→B,A→B",AA,A' = !A & B,B' = B,10,00,sync,A+B,0
52,6,5,26,"A⊣A,B→B,A→B",AA,A' = !A & B,B' = B,11,01,sync,A+B,0
53,6,5,26,"A⊣A,B→B,A→B",OA,A' = !A | B,B' = B,00,10,sync,A+B,0
53,6,5,26,"A⊣A,B→B,A→B",OA,A' = !A | B,B' = B,01,11,sync,A+B,0
53,6,5,26,"A⊣A,B→B,A→B",OA,A' = !A | B,B' = B,10,00,sync,A+B,0
53,6,5,26,"A⊣A,B→B,A→B",OA,A' = !A | B,B' = B,11,11,sync,A+B,1
54,6,6,27,"A⊣A,B→B,A⊣B",AA,A' = A & !B,B' = !B,00,01,sync,A+B,0
54,6,6,27,"A⊣A,B→B,A⊣B",AA,A' = A & !B,B' = !B,01,00,sync,A+B,0
54,6,6,27,"A⊣A,B→B,A⊣B",AA,A' = A & !B,B' = !B,10,11,sync,A+B,0
54,6,6,27,"A⊣A,B→B,A⊣B",AA,A' = A & !B,B' = !B,11,00,sync,A+B,0
55,6,6,27,"A⊣A,B→B,A⊣B",OA,A' = A | !B,B' = !B,00,11,sync,A+B,0
55,6,6,27,"A⊣A,B→B,A⊣B",OA,A' = A | !B,B' = !B,01,00,sync,A+B,0
55,6,6,27,"A⊣A,B→B,A⊣B",OA,A' = A | !B,B' = !B,10,11,sync,A+B,0
55,6,6,27,"A⊣A,B→B,A⊣B",OA,A' = A | !B,B' = !B,11,10,sync,A+B,0
56,6,7,28,"A⊣A,B⊣B,A→B",AA,A' = !A & B,B' = !B,00,01,sync,A+B,0
56,6,7,28,"A⊣A,B⊣B,A→B",AA,A' = !A & B,B' = !B,01,10,sync,A+B,0
56,6,7,28,"A⊣A,B⊣B,A→B",AA,A' = !A & B,B' = !B,10,01,sync,A+B,0
56,6,7,28,"A⊣A,B⊣B,A→B",AA,A' = !A & B,B' = !B,11,00,sync,A+B,0
57,6,7,28,"A⊣A,B⊣B,A→B",OA,A' = !A | B,B' = !B,00,11,sync,A+B,0
57,6,7,28,"A⊣A,B⊣B,A→B",OA,A' = !A | B,B' = !B,01,10,sync,A+B,0
57,6,7,28,"A⊣A,B⊣B,A→B",OA,A' = !A | B,B' = !B,10,01,sync,A+B,0
57,6,7,28,"A⊣A,B⊣B,A→B",OA,A' = !A | B,B' = !B,11,10,sync,A+B,0
58,6,8,29,"A⊣A,B⊣B,A⊣B",AA,A' = !A & !B,B' = !B,00,11,sync,A+B,0
58,6,8,29,"A⊣A,B⊣B,A⊣B",AA,A' = !A & !B,B' = !B,01,00,sync,A+B,0
58,6,8,29,"A⊣A,B⊣B,A⊣B",AA,A' = !A & !B,B' = !B,10,01,sync,A+B,0
58,6,8,29,"A⊣A,B⊣B,A⊣B",AA,A' = !A & !B,B' = !B,11,00,sync,A+B,0
59,6,8,29,"A⊣A,B⊣B,A⊣B",OA,A' = !A | !B,B' = !B,00,11,sync,A+B,0
59,6,8,29,"A⊣A,B⊣B,A⊣B",OA,A' = !A | !B,B' = !B,01,10,sync,A+B,0
59,6,8,29,"A⊣A,B⊣B,A⊣B",OA,A' = !A | !B,B' = !B,10,11,sync,A+B,0
59,6,8,29,"A⊣A,B⊣B,A⊣B",OA,A' = !A | !B,B' = !B,11,00,sync,A+B,0
60,7,1,30,"A→A,B→B,A→B,B→A",AA,A' = A & B,B' = B & A,00,00,sync,A+B,1
60,7,1,30,"A→A,B→B,A→B,B→A",AA,A' = A & B,B' = B & A,01,00,sync,A+B,0
60,7,1,30,"A→A,B→B,A→B,B→A",AA,A' = A & B,B' = B & A,10,00,sync,A+B,0
60,7,1,30,"A→A,B→B,A→B,B→A",AA,A' = A & B,B' = B & A,11,11,sync,A+B,1
61,7,1,30,"A→A,B→B,A→B,B→A",OA,A' = A | B,B' = B & A,00,00,sync,A+B,1
61,7,1,30,"A→A,B→B,A→B,B→A",OA,A' = A | B,B' = B & A,01,10,sync,A+B,0
61,7,1,30,"A→A,B→B,A→B,B→A",OA,A' = A | B,B' = B & A,10,10,sync,A+B,1
61,7,1,30,"A→A,B→B,A→B,B→A",OA,A' = A | B,B' = B & A,11,11,sync,A+B,1
62,7,1,30,"A→A,B→B,A→B,B→A",OO,A' = A | B,B' = B | A,00,00,sync,A+B,1
62,7,1,30,"A→A,B→B,A→B,B→A",OO,A' = A | B,B' = B | A,01,11,sync,A+B,0
62,7,1,30,"A→A,B→B,A→B,B→A",OO,A' = A | B,B' = B | A,10,11,sync,A+B,0
62,7,1,30,"A→A,B→B,A→B,B→A",OO,A' = A | B,B' = B | A,11,11,sync,A+B,1
63,7,2,31,"A→A,B→B,A→B,B⊣A",AA,A' = A & !B,B' = B & A,00,00,sync,A+B,1
63,7,2,31,"A→A,B→B,A→B,B⊣A",AA,A' = A & !B,B' = B & A,01,00,sync,A+B,0
63,7,2,31,"A→A,B→B,A→B,B⊣A",AA,A' = A & !B,B' = B & A,10,10,sync,A+B,1
63,7,2,31,"A→A,B→B,A→B,B⊣A",AA,A' = A & !B,B' = B & A,11,01,sync,A+B,0
64,7,2,31,"A→A,B→B,A→B,B⊣A",OA,A' = A | !B,B' = B & A,00,10,sync,A+B,0
64,7,2,31,"A→A,B→B,A→B,B⊣A",OA,A' = A | !B,B' = B & A,01,00,sync,A+B,0
64,7,2,31,"A→A,B→B,A→B,B⊣A",OA,A' = A | !B,B' = B & A,10,10,sync,A+B,1
64,7,2,31,"A→A,B→B,A→B,B⊣A",OA,A' = A | !B,B' = B & A,11,11,sync,A+B,1
65,7,2,31,"A→A,B→B,A→B,B⊣A",OO,A' = A | !B,B' = B | A,00,10,sync,A+B,0
65,7,2,31,"A→A,B→B,A→B,B⊣A",OO,A' = A | !B,B' = B | A,01,01,sync,A+B,1
65,7,2,31,"A→A,B→B,A→B,B⊣A",OO,A' = A | !B,B' = B | A,10,11,sync,A+B,0
65,7,2,31,"A→A,B→B,A→B,B⊣A",OO,A' = A | !B,B' = B | A,11,11,sync,A+B,1
66,7,3,32,"A→A,B→B,A⊣B,B⊣A",AA,A' = A & !B,B' = B & !A,00,00,sync,A+B,1
66,7,3,32,"A→A,B→B,A⊣B,B⊣A",AA,A' = A & !B,B' = B & !A,01,01,sync,A+B,1
66,7,3,32,"A→A,B→B,A⊣B,B⊣A",AA,A' = A & !B,B' = B & !A,10,10,sync,A+B,1
66,7,3,32,"A→A,B→B,A⊣B,B⊣A",AA,A' = A & !B,B' = B & !A,11,00,sync,A+B,0
67,7,3,32,"A→A,B→B,A⊣B,B⊣A",OA,A' = A | !B,B' = B & !A,00,10,sync,A+B,0
67,7,3,32,"A→A,B→B,A⊣B,B⊣A",OA,A' = A | !B,B' = B & !A,01,01,sync,A+B,1
67,7,3,32,"A→A,B→B,A⊣B,B⊣A",OA,A' = A | !B,B' = B & !A,10,10,sync,A+B,1
67,7,3,32,"A→A,B→B,A⊣B,B⊣A",OA,A' = A | !B,B' = B & !A,11,10,sync,A+B,0
68,7,3,32,"A→A,B→B,A⊣B,B⊣A",OO,A' = A | !B,B' = B | !A,00,11,sync,A+B,0
68,7,3,32,"A→A,B→B,A⊣B,B⊣A",OO,A' = A | !B,B' = B | !A,01,01,sync,A+B,1
68,7,3,32,"A→A,B→B,A⊣B,B⊣A",OO,A' = A | !B,B' = B | !A,10,10,sync,A+B,1
68,7,3,32,"A→A,B→B,A⊣B,B⊣A",OO,A' = A | !B,B' = B | !A,11,11,sync,A+B,1
69,7,4,33,"A→A,B⊣B,A→B,B⊣A",AA,A' = A & !B,B' = !B & A,00,00,sync,A+B,1
69,7,4,33,"A→A,B⊣B,A→B,B⊣A",AA,A' = A & !B,B' = !B & A,01,00,sync,A+B,0
69,7,4,33,"A→A,B⊣B,A→B,B⊣A",AA,A' = A & !B,B' = !B & A,10,11,sync,A+B,0
69,7,4,33,"A→A,B⊣B,A→B,B⊣A",AA,A' = A & !B,B' = !B & A,11,00,sync,A+B,0
70,7,4,33,"A→A,B⊣B,A→B,B⊣A",OA,A' = A | !B,B' = !B & A,00,10,sync,A+B,0
70,7,4,33,"A→A,B⊣B,A→B,B⊣A",OA,A' = A | !B,B' = !B & A,01,00,sync,A+B,0
70,7,4,33,"A→A,B⊣B,A→B,B⊣A",OA,A' = A | !B,B' = !B & A,10,11,sync,A+B,0
70,7,4,33,"A→A,B⊣B,A→B,B⊣A",OA,A' = A | !B,B' = !B & A,11,10,sync,A+B,0
71,7,4,33,"A→A,B⊣B,A→B,B⊣A",OO,A' = A | !B,B' = !B | A,00,11,sync,A+B,0
71,7,4,33,"A→A,B⊣B,A→B,B⊣A",OO,A' = A | !B,B' = !B | A,01,00,sync,A+B,0
71,7,4,33,"A→A,B⊣B,A→B,B⊣A",OO,A' = A | !B,B' = !B | A,10,11,sync,A+B,0
71,7,4,33,"A→A,B⊣B,A→B,B⊣A",OO,A' = A | !B,B' = !B | A,11,11,sync,A+B,1
72,7,5,34,"A→A,B⊣B,A⊣B,B→A",AA,A' = A & B,B' = !B & !A,00,01,sync,A+B,0
72,7,5,34,"A→A,B⊣B,A⊣B,B→A",AA,A' = A & B,B' = !B & !A,01,00,sync,A+B,0
72,7,5,34,"A→A,B⊣B,A⊣B,B→A",AA,A' = A & B,B' = !B & !A,10,00,sync,A+B,0
72,7,5,34,"A→A,B⊣B,A⊣B,B→A",AA,A' = A & B,B' = !B & !A,11,10,sync,A+B,0
73,7,5,34,"A→A,B⊣B,A⊣B,B→A",OA,A' = A | B,B' = !B & !A,00,01,sync,A+B,0
73,7,5,34,"A→A,B⊣B,A⊣B,B→A",OA,A' = A | B,B' = !B & !A,01,10,sync,A+B,0
73,7,5,34,"A→A,B⊣B,A⊣B,B→A",OA,A' = A | B,B' = !B & !A,10,10,sync,A+B,1
73,7,5,34,"A→A,B⊣B,A⊣B,B→A",OA,A' = A | B,B' = !B & !A,11,10,sync,A+B,0
74,7,5,34,"A→A,B⊣B,A⊣B,B→A",OO,A' = A | B,B' = !B | !A,00,01,sync,A+B,0
74,7,5,34,"A→A,B⊣B,A⊣B,B→A",OO,A' = A | B,B' = !B | !A,01,11,sync,A+B,0
74,7,5,34,"A→A,B⊣B,A⊣B,B→A",OO,A' = A | B,B' = !B | !A,10,11,sync,A+B,0
74,7,5,34,"A→A,B⊣B,A⊣B,B→A",OO,A' = A | B,B' = !B | !A,11,10,sync,A+B,0
75,7,6,35,"A→A,B⊣B,A⊣B,B⊣A",AA,A' = A & !B,B' = !B & !A,00,01,sync,A+B,0
75,7,6,35,"A→A,B⊣B,A⊣B,B⊣A",AA,A' = A & !B,B' = !B & !A,01,00,sync,A+B,0
75,7,6,35,"A→A,B⊣B,A⊣B,B⊣A",AA,A' = A & !B,B' = !B & !A,10,10,sync,A+B,1
75,7,6,35,"A→A,B⊣B,A⊣B,B⊣A",AA,A' = A & !B,B' = !B & !A,11,00,sync,A+B,0
76,7,6,35,"A→A,B⊣B,A⊣B,B⊣A",OA,A' = A | !B,B' = !B & !A,00,11,sync,A+B,0
76,7,6,35,"A→A,B⊣B,A⊣B,B⊣A",OA,A' = A | !B,B' = !B & !A,01,00,sync,A+B,0
76,7,6,35,"A→A,B⊣B,A⊣B,B⊣A",OA,A' = A | !B,B' = !B & !A,10,10,sync,A+B,1
76,7,6,35,"A→A,B⊣B,A⊣B,B⊣A",OA,A' = A | !B,B' = !B & !A,11,10,sync,A+B,0
77,7,6,35,"A→A,B⊣B,A⊣B,B⊣A",OO,A' = A | !B,B' = !B | !A,00,11,sync,A+B,0
77,7,6,35,"A→A,B⊣B,A⊣B,B⊣A",OO,A' = A | !B,B' = !B | !A,01,01,sync,A+B,1
77,7,6,35,"A→A,B⊣B,A⊣B,B⊣A",OO,A' = A | !B,B' = !B | !A,10,11,sync,A+B,0
77,7,6,35,"A→A,B⊣B,A⊣B,B⊣A",OO,A' = A | !B,B' = !B | !A,11,10,sync,A+B,0
78,7,7,36,"A⊣A,B→B,A→B,B→A",AA,A' = !A & B,B' = B & A,00,00,sync,A+B,1
78,7,7,36,"A⊣A,B→B,A→B,B→A",AA,A' = !A & B,B' = B & A,01,10,sync,A+B,0
78,7,7,36,"A⊣A,B→B,A→B,B→A",AA,A' = !A & B,B' = B & A,10,00,sync,A+B,0
78,7,7,36,"A⊣A,B→B,A→B,B→A",AA,A' = !A & B,B' = B & A,11,01,sync,A+B,0
79,7,7,36,"A⊣A,B→B,A→B,B→A",OA,A' = !A | B,B' = B & A,00,10,sync,A+B,0
79,7,7,36,"A⊣A,B→B,A→B,B→A",OA,A' = !A | B,B' = B & A,01,10,sync,A+B,0
79,7,7,36,"A⊣A,B→B,A→B,B→A",OA,A' = !A | B,B' = B & A,10,00,sync,A+B,0
79,7,7,36,"A⊣A,B→B,A→B,B→A",OA,A' = !A | B,B' = B & A,11,11,sync,A+B,1
80,7,7,36,"A⊣A,B→B,A→B,B→A",OO,A' = !A | B,B' = B | A,00,10,sync,A+B,0
80,7,7,36,"A⊣A,B→B,A→B,B→A",OO,A' = !A | B,B' = B | A,01,11,sync,A+B,0
80,7,7,36,"A⊣A,B→B,A→B,B→A",OO,A' = !A | B,B' = B | A,10,01,sync,A+B,0
80,7,7,36,"A⊣A,B→B,A→B,B→A",OO,A' = !A | B,B' = B | A,11,11,sync,A+B,1
81,7,8,37,"A⊣A,B⊣B,A→B,B→A",AA,A' = !A & B,B' = !B & A,00,00,sync,A+B,1
81,7,8,37,"A⊣A,B⊣B,A→B,B→A",AA,A' = !A & B,B' = !B & A,01,10,sync,A+B,0
81,7,8,37,"A⊣A,B⊣B,A→B,B→A",AA,A' = !A & B,B' = !B & A,10,01,sync,A+B,0
81,7,8,37,"A⊣A,B⊣B,A→B,B→A",AA,A' = !A & B,B' = !B & A,11,00,sync,A+B,0
82,7,8,37,"A⊣A,B⊣B,A→B,B→A",OA,A' = !A | B,B' = !B & A,00,10,sync,A+B,0
82,7,8,37,"A⊣A,B⊣B,A→B,B→A",OA,A' = !A | B,B' = !B & A,01,10,sync,A+B,0
82,7,8,37,"A⊣A,B⊣B,A→B,B→A",OA,A' = !A | B,B' = !B & A,10,01,sync,A+B,0
82,7,8,37,"A⊣A,B⊣B,A→B,B→A",OA,A' = !A | B,B' = !B & A,11,10,sync,A+B,0
83,7,8,37,"A⊣A,B⊣B,A→B,B→A",OO,A' = !A | B,B' = !B | A,00,11,sync,A+B,0
83,7,8,37,"A⊣A,B⊣B,A→B,B→A",OO,A' = !A | B,B' = !B | A,01,10,sync,A+B,0
83,7,8,37,"A⊣A,B⊣B,A→B,B→A",OO,A' = !A | B,B' = !B | A,10,01,sync,A+B,0
83,7,8,37,"A⊣A,B⊣B,A→B,B→A",OO,A' = !A | B,B' = !B | A,11,11,sync,A+B,1
84,7,9,38,"A⊣A,B⊣B,A→B,B⊣A",AA,A' = !A & !B,B' = !B & A,00,10,sync,A+B,0
84,7,9,38,"A⊣A,B⊣B,A→B,B⊣A",AA,A' = !A & !B,B' = !B & A,01,00,sync,A+B,0
84,7,9,38,"A⊣A,B⊣B,A→B,B⊣A",AA,A' = !A & !B,B' = !B & A,10,01,sync,A+B,0
84,7,9,38,"A⊣A,B⊣B,A→B,B⊣A",AA,A' = !A & !B,B' = !B & A,11,00,sync,A+B,0
85,7,9,38,"A⊣A,B⊣B,A→B,B⊣A",OA,A' = !A | !B,B' = !B & A,00,10,sync,A+B,0
85,7,9,38,"A⊣A,B⊣B,A→B,B⊣A",OA,A' = !A | !B,B' = !B & A,01,10,sync,A+B,0
85,7,9,38,"A⊣A,B⊣B,A→B,B⊣A",OA,A' = !A | !B,B' = !B & A,10,11,sync,A+B,0
85,7,9,38,"A⊣A,B⊣B,A→B,B⊣A",OA,A' = !A | !B,B' = !B & A,11,00,sync,A+B,0
86,7,9,38,"A⊣A,B⊣B,A→B,B⊣A",OO,A' = !A | !B,B' = !B | A,00,11,sync,A+B,0
86,7,9,38,"A⊣A,B⊣B,A→B,B⊣A",OO,A' = !A | !B,B' = !B | A,01,10,sync,A+B,0
86,7,9,38,"A⊣A,B⊣B,A→B,B⊣A",OO,A' = !A | !B,B' = !B | A,10,11,sync,A+B,0
86,7,9,38,"A⊣A,B⊣B,A→B,B⊣A",OO,A' = !A | !B,B' = !B | A,11,01,sync,A+B,0
87,7,10,39,"A⊣A,B⊣B,A⊣B,B⊣A",AA,A' = !A & !B,B' = !B & !A,00,11,sync,A+B,0
87,7,10,39,"A⊣A,B⊣B,A⊣B,B⊣A",AA,A' = !A & !B,B' = !B & !A,01,00,sync,A+B,0
87,7,10,39,"A⊣A,B⊣B,A⊣B,B⊣A",AA,A' = !A & !B,B' = !B & !A,10,00,sync,A+B,0
87,7,10,39,"A⊣A,B⊣B,A⊣B,B⊣A",AA,A' = !A & !B,B' = !B & !A,11,00,sync,A+B,0
88,7,10,39,"A⊣A,B⊣B,A⊣B,B⊣A",OA,A' = !A | !B,B' = !B & !A,00,11,sync,A+B,0
88,7,10,39,"A⊣A,B⊣B,A⊣B,B⊣A",OA,A' = !A | !B,B' = !B & !A,01,10,sync,A+B,0
88,7,10,39,"A⊣A,B⊣B,A⊣B,B⊣A",OA,A' = !A | !B,B' = !B & !A,10,10,sync,A+B,1
88,7,10,39,"A⊣A,B⊣B,A⊣B,B⊣A",OA,A' = !A | !B,B' = !B & !A,11,00,sync,A+B,0
89,7,10,39,"A⊣A,B⊣B,A⊣B,B⊣A",OO,A' = !A | !B,B' = !B | !A,00,11,sync,A+B,0
89,7,10,39,"A⊣A,B⊣B,A⊣B,B⊣A",OO,A' = !A | !B,B' = !B | !A,01,11,sync,A+B,0
89,7,10,39,"A⊣A,B⊣B,A⊣B,B⊣A",OO,A' = !A | !B,B' = !B | !A,10,11,sync,A+B,0
89,7,10,39,"A⊣A,B⊣B,A⊣B,B⊣A",OO,A' = !A | !B,B' = !B | !A,11,00,sync,A+B,0
