network_id,Cluster,PCA_1,PCA_2,TSNE_1,TSNE_2,UMAP_1,UMAP_2
1,Cluster_4,-1.5163495019729671,2.0174575890040556,287.22458,257.15967,12.968572,6.6642556
2,Cluster_4,-1.5163495019729638,2.017457589004049,287.22458,257.15967,13.164491,7.140761
3,Cluster_4,-1.516349501972959,2.017457589004051,287.22458,257.15967,13.619,7.168378
4,Cluster_4,-1.5163495019729634,2.0174575890040507,287.22458,257.15967,13.38424,7.0008316
5,Cluster_1,-2.0697381195034334,-0.3126346582994286,-189.31088,495.31116,4.1636076,-2.5294375
6,Cluster_2,5.649737069371764,-1.2590673334724112,-251.23082,-610.2728,-0.76355535,15.662988
7,Cluster_1,-2.069738119503433,-0.3126346582994296,-189.31088,495.31116,4.254143,-2.5548294
8,Cluster_1,-2.8679202387225313,-1.5924793707663223,-374.20804,448.79468,3.7650218,-2.323313
9,Cluster_1,-2.8679202387225313,-1.5924793707663214,-374.20804,448.79468,3.601351,-2.2725697
10,Cluster_2,5.624012884169826,-0.8823552415166938,-229.5111,-471.50882,-0.15444364,15.424155
11,Cluster_2,5.624012884169828,-0.8823552415166935,-229.5111,-471.50882,-0.18175913,15.526174
12,Cluster_1,-1.9389917934459249,-0.5591533233169024,-131.92322,219.72115,4.217965,-1.5553222
13,Cluster_4,-2.50001753813805,1.2725153520884689,106.98396,270.97992,13.180726,6.8569484
14,Cluster_4,-2.5000175381380503,1.2725153520884696,106.98396,270.97992,13.134403,7.2021894
15,Cluster_1,-1.9389917934459249,-0.5591533233169027,-131.92322,219.72115,4.3434043,-1.559701
16,Cluster_4,-2.5000175381380503,1.2725153520884693,106.98396,270.97992,13.519905,7.376163
17,Cluster_1,-1.9389917934459244,-0.5591533233169015,-131.92322,219.72115,4.5922613,-1.7225499
18,Cluster_1,-1.938991793445927,-0.5591533233169078,-131.92322,219.72115,4.5137925,-1.8813167
19,Cluster_4,-2.50001753813805,1.272515352088469,106.98396,270.97992,13.187075,7.2812614
20,Cluster_3,1.1958754120086421,0.25847454852322493,-73.237785,-150.63283,6.517118,-1.1330044
21,Cluster_4,-0.40492104165433845,2.366114464093771,393.5423,19.88521,13.355612,5.6244555
22,Cluster_4,-0.4049210416543387,2.3661144640937697,393.5423,19.88521,13.168018,5.7217736
23,Cluster_3,1.1958754120086417,0.2584745485232248,-73.237785,-150.63283,6.647128,-1.297855
24,Cluster_4,-0.40492104165433856,2.3661144640937697,393.5423,19.88521,13.29063,5.7382727
25,Cluster_3,1.1958754120086414,0.25847454852322443,-73.237785,-150.63283,6.7039146,-1.3987771
26,Cluster_3,1.195875412008642,0.2584745485232245,-73.237785,-150.63283,6.3786855,-1.555359
27,Cluster_4,-0.40492104165433845,2.36611446409377,393.5423,19.88521,13.057736,5.5050883
28,Cluster_1,-2.8140569303587455,-1.275816686299823,-223.46599,354.39658,4.2279363,-2.208496
29,Cluster_1,-2.8140569303587446,-1.2758166862998233,-223.46599,354.39658,4.1795254,-2.102009
30,Cluster_4,-1.6000057265099292,2.3995821403662516,394.9416,-242.34784,13.526105,6.586751
31,Cluster_4,-1.6000057265099297,2.3995821403662516,394.9416,-242.34784,13.913177,6.6590557
32,Cluster_4,-1.6000057265099297,2.3995821403662516,394.9416,-242.34784,13.704297,6.870191
33,Cluster_4,-1.6000057265099292,2.3995821403662516,394.9416,-242.34784,13.299131,6.6625566
34,Cluster_1,-2.8140569303587446,-1.275816686299823,-223.46599,354.39658,4.0718226,-1.9624878
35,Cluster_1,-2.8140569303587455,-1.2758166862998228,-223.46599,354.39658,4.009316,-2.0694792
36,Cluster_4,-0.9654422306094879,2.1733770858793533,421.92706,186.42747,12.359953,7.0638013
37,Cluster_4,-0.9654422306094879,2.1733770858793533,421.92706,186.42747,12.175612,7.0403996
38,Cluster_2,5.587504164912233,-0.950925445828125,-116.593,-576.8685,-0.46074462,15.662597
39,Cluster_2,5.587504164912235,-0.950925445828125,-116.593,-576.8685,-0.37381458,15.499305
40,Cluster_2,5.587504164912234,-0.9509254458281249,-116.593,-576.8685,-0.6494812,15.4550295
41,Cluster_2,5.587504164912235,-0.9509254458281253,-116.593,-576.8685,-0.5715947,15.702999
42,Cluster_4,-0.9654422306094879,2.1733770858793533,421.92706,186.42747,12.159432,7.24008
43,Cluster_4,-0.9654422306094879,2.1733770858793533,421.92706,186.42747,12.146233,7.263498
44,Cluster_1,-2.9015485039400324,-2.4980980987648502,-413.07764,300.59305,3.4707239,-1.9183147
45,Cluster_1,-2.9015485039400324,-2.4980980987648502,-413.07764,300.59305,3.6595178,-1.6539587
46,Cluster_1,-2.9015485039400324,-2.4980980987648502,-413.07764,300.59305,3.3680835,-1.765027
47,Cluster_1,-2.9015485039400324,-2.4980980987648502,-413.07764,300.59305,3.4541204,-2.0000036
48,Cluster_3,1.816514809222534,1.0790912813242595,94.84162,-232.02905,6.7036014,-1.1012137
49,Cluster_3,1.816514808240888,1.0790912815295481,94.84162,-232.02905,7.0373125,-1.179909
50,Cluster_3,-0.463869336972069,-2.248440940024002,-295.42578,23.784815,5.1960588,-1.6279377
51,Cluster_3,-0.463869336972069,-2.248440940024002,-295.42578,23.784815,5.4001756,-1.4134094
52,Cluster_3,-0.463869336972069,-2.248440940024002,-295.42578,23.784815,5.358952,-1.5315913
53,Cluster_3,-0.463869336972069,-2.248440940024002,-295.42578,23.784815,5.577749,-1.6308273
54,Cluster_3,1.8165148085664409,1.0790912814614668,94.84162,-232.02905,7.0628815,-1.2818506
55,Cluster_3,1.816514808240887,1.079091281529548,94.84162,-232.02905,7.1478696,-1.264353
56,Cluster_2,5.720803315847244,-0.8493903086937068,20.090523,-490.06528,0.61978155,15.652904
57,Cluster_2,5.720803315847244,-0.8493903086937068,20.090523,-490.06528,0.46178964,15.472645
58,Cluster_2,5.720803315847247,-0.849390308693707,20.090523,-490.06528,0.5049099,15.582332
59,Cluster_2,5.720803315847246,-0.8493903086937067,20.090523,-490.06528,0.5296465,15.531639
60,Cluster_1,-3.906158280817207,-2.918483455947993,-516.4839,-41.08117,6.5327067,3.1886325
61,Cluster_1,-2.5566238730395847,-2.106318764775117,-408.20706,166.97054,3.7234933,-1.523199
62,Cluster_1,-3.906158280817207,-2.918483455947993,-516.4839,-41.08117,6.7340436,3.4008148
63,Cluster_1,-3.0795721277617885,-1.6928261987658657,10.925585,499.81992,6.7598643,3.41923
64,Cluster_1,-3.0795721277617885,-1.6928261987658657,10.925585,499.81992,6.706651,3.367606
65,Cluster_1,-3.0795721277617885,-1.6928261987658657,10.925585,499.81992,6.7689037,3.4372704
66,Cluster_1,-2.5566238730395847,-2.106318764775117,-408.20706,166.97054,3.8124926,-1.7647563
67,Cluster_1,-3.906158280817207,-2.918483455947993,-516.4839,-41.08117,6.5948615,3.2569797
68,Cluster_1,-2.5566238730395847,-2.106318764775117,-408.20706,166.97054,3.90781,-1.7180501
69,Cluster_4,-0.4022020635262192,2.861802485132487,291.9016,-111.864395,13.377399,6.2287345
70,Cluster_3,0.9471582061980232,0.5992352532929154,74.58174,-68.849236,6.823373,-0.7379366
71,Cluster_4,-0.4022020635262193,2.8618024851324866,291.9016,-111.864395,12.824165,6.2326055
72,Cluster_3,0.9471582061980232,0.5992352532929154,74.58174,-68.849236,7.131892,-0.8473315
73,Cluster_4,-0.4022020635262192,2.861802485132487,291.9016,-111.864395,13.104322,6.2694864
74,Cluster_3,0.9471582061980234,0.5992352532929154,74.58174,-68.849236,7.212463,-0.70585686
75,Cluster_3,0.10205429587251713,-1.7170035779749977,-133.07039,30.699642,5.5222716,-1.1358547
76,Cluster_4,-1.3028561512092112,1.7900190839173309,243.34015,115.57069,12.627248,7.07614
77,Cluster_3,0.10205429587251715,-1.7170035779749981,-133.07039,30.699642,5.5788326,-1.855923
78,Cluster_4,-1.3028561512092112,1.7900190839173309,243.34015,115.57069,12.61496,6.867466
79,Cluster_3,0.10205429587251713,-1.7170035779749977,-133.07039,30.699642,5.2116885,-1.3146983
80,Cluster_4,-1.3028561512092112,1.7900190839173309,243.34015,115.57069,12.729587,7.3453755
81,Cluster_4,0.14753834998665016,2.526132725683509,542.06586,48.188564,13.370473,5.2823105
82,Cluster_3,3.124243281430964,-0.42699523286080776,-183.22037,-286.15784,6.9081817,-1.7566384
83,Cluster_4,0.14753834998665016,2.526132725683509,542.06586,48.188564,13.587932,5.4224315
84,Cluster_2,5.631609525466992,-0.8839439041409138,-106.452614,-431.3933,0.15892042,15.286411
85,Cluster_2,5.631609525466993,-0.8839439041409137,-106.452614,-431.3933,0.30322522,15.299469
86,Cluster_2,5.631609525466992,-0.8839439041409136,-106.452614,-431.3933,0.30782533,15.587794
87,Cluster_3,3.124243281430964,-0.42699523286080776,-183.22037,-286.15784,6.7537155,-1.7364663
88,Cluster_4,0.14753834998665022,2.5261327256835093,542.06586,48.188564,13.3906145,5.387454
89,Cluster_3,3.124243281430964,-0.42699523286080776,-183.22037,-286.15784,6.867924,-1.5902505
