network_id,class,graph_in_class,graph_global_id,graph_desc,logic_code,gate_A,gate_B,rule_A,rule_B,Number of Nodes,Number of Edges,Density,Strongly Connected,Number of SCCs,Largest SCC Size,Avg In-Degree,Avg Out-Degree,Max In-Degree,Max Out-Degree,Has Cycle,Number of Cycles,Number of Limit Cycles,Max Cycle Length,Avg Cycle Length,Shannon Entropy (Out-degree),Shannon Entropy (In-degree),Transition Entropy,Basin Entropy,Spectral Radius,Algebraic Connectivity,Number of Attractors,Number of Fixed Points,Has Fixed Point Attractor,Avg Attractor Length,Max Attractor Length,Attractor Coverage,Avg Basin Size,Max Basin Size,Basin Size Variance,Basin Size Skewness,Average Transient Length,Maximum Transient Length,Diameter,Average Shortest Path Length,Garden of Eden Count,Common Sea Count,Specific Part Count,Backward Boolean Equivalence,Derrida Coefficient,Average Sensitivity,Fixed Point Attractors,Cycle or Trap Components,Attractor Components,Basin Sizes,Attractor_Type
1,1,1,1,A→B,AA,AND,AND,A' = 1,B' = A,4,5,0.4166666666666667,0,4,1,1.25,1.25,3,2,0,0,0,0,0.0,0.8112781244591328,1.5,1.3709505944546687,-0.0,1.0,1.9999999999999987,1,1,1,1.0,1,0.25,4.0,4,0.0,0.0,1.0,2,2,1.3333333333333333,1,2,0,0,0.75,0.75,11,None,11,4,Single fixed point
2,1,1,1,A→B,OA,OR,AND,A' = 0,B' = A,4,5,0.4166666666666667,0,4,1,1.25,1.25,3,2,0,0,0,0,0.0,0.8112781244591328,1.5,1.3709505944546687,-0.0,1.0,1.9999999999999987,1,1,1,1.0,1,0.25,4.0,4,0.0,0.0,1.0,2,2,1.3333333333333333,1,2,0,0,0.75,0.75,00,None,00,4,Single fixed point
3,1,2,2,A⊣B,AA,AND,AND,A' = 1,B' = !A,4,5,0.4166666666666667,0,4,1,1.25,1.25,3,2,0,0,0,0,0.0,0.8112781244591328,1.5,1.3709505944546687,-0.0,1.0,1.9999999999999987,1,1,1,1.0,1,0.25,4.0,4,0.0,0.0,1.0,2,2,1.3333333333333333,1,2,0,0,0.75,0.75,10,None,10,4,Single fixed point
4,1,2,2,A⊣B,OA,OR,AND,A' = 0,B' = !A,4,5,0.4166666666666667,0,4,1,1.25,1.25,3,2,0,0,0,0,0.0,0.8112781244591328,1.5,1.3709505944546687,-0.0,1.0,1.9999999999999987,1,1,1,1.0,1,0.25,4.0,4,0.0,0.0,1.0,2,2,1.3333333333333333,1,2,0,0,0.75,0.75,01,None,01,4,Single fixed point
5,2,1,3,"A→B,B→A",AA,AND,AND,A' = B,B' = A,4,6,0.5,0,4,1,1.5,1.5,3,2,0,0,0,0,0.0,1.0,1.0,1.0,-0.0,1.0,1.9999999999999987,2,2,1,1.0,1,0.5,3.0,3,0.0,0.0,0.5,1,1,1.0,2,0,2,0,1.0,1.0,00; 11,None,00; 11,3; 3,Multi-attractor fixed-point
6,2,2,4,"A→B,B⊣A",AA,AND,AND,A' = !B,B' = A,4,4,0.3333333333333333,1,1,4,1.0,1.0,1,1,1,1,1,4,4.0,-0.0,-0.0,2.0,-0.0,1.0000000000000004,1.9999999999999987,1,0,0,4.0,4,1.0,4.0,4,0.0,0.0,0.0,0,3,2.0,0,0,2,0,1.0,1.0,None,"{00,01,10,11}","{00,01,10,11}",4,Cyclic / trap dominated
7,2,3,5,"A⊣B,B⊣A",AA,AND,AND,A' = !B,B' = !A,4,6,0.5,0,4,1,1.5,1.5,3,2,0,0,0,0,0.0,1.0,1.0,1.0,-0.0,1.0,1.9999999999999987,2,2,1,1.0,1,0.5,3.0,3,0.0,0.0,0.5,1,1,1.0,2,0,2,0,1.0,1.0,01; 10,None,01; 10,3; 3,Multi-attractor fixed-point
8,3,1,6,"A→A,A→B",AA,AND,AND,A' = A,B' = A,4,4,0.3333333333333333,0,4,1,1.0,1.0,2,1,0,0,0,0,0.0,-0.0,1.0,1.0,-0.0,1.0,0.0,2,2,1,1.0,1,0.5,2.0,2,0.0,0.0,0.5,1,1,1.0,2,0,2,0,1.0,1.0,00; 11,None,00; 11,2; 2,Multi-attractor fixed-point
9,3,2,7,"A→A,A⊣B",AA,AND,AND,A' = A,B' = !A,4,4,0.3333333333333333,0,4,1,1.0,1.0,2,1,0,0,0,0,0.0,-0.0,1.0,1.0,-0.0,1.0,0.0,2,2,1,1.0,1,0.5,2.0,2,0.0,0.0,0.5,1,1,1.0,2,0,2,0,1.0,1.0,01; 10,None,01; 10,2; 2,Multi-attractor fixed-point
10,3,3,8,"A⊣A,A→B",AA,AND,AND,A' = !A,B' = A,4,6,0.5,1,1,4,1.5,1.5,2,2,1,1,1,4,4.0,1.0,1.0,1.9182958340544896,-0.0,1.4142135623730947,1.9999999999999987,1,0,0,4.0,4,1.0,4.0,4,0.0,0.0,0.0,0,3,1.6666666666666667,0,0,2,0,1.0,1.0,None,"{00,01,10,11}","{00,01,10,11}",4,Cyclic / trap dominated
11,3,4,9,"A⊣A,A⊣B",AA,AND,AND,A' = !A,B' = !A,4,6,0.5,1,1,4,1.5,1.5,2,2,1,1,1,4,4.0,1.0,1.0,1.9182958340544896,-0.0,1.414213562373095,1.9999999999999987,1,0,0,4.0,4,1.0,4.0,4,0.0,0.0,0.0,0,3,1.6666666666666667,0,0,2,0,1.0,1.0,None,"{00,01,10,11}","{00,01,10,11}",4,Cyclic / trap dominated
12,4,1,10,"A→A,B→A",AA,AND,AND,A' = A & B,B' = 1,4,5,0.4166666666666667,0,4,1,1.25,1.25,2,2,0,0,0,0,0.0,0.8112781244591328,1.5,1.5219280948873621,1.0,1.0,0.5857864376269047,2,2,1,1.0,1,0.5,2.5,3,0.25,0.0,0.5,1,2,1.25,1,1,1,0,0.75,0.75,01; 11,None,01; 11,3; 2,Multi-attractor fixed-point
13,4,1,10,"A→A,B→A",AO,AND,OR,A' = A & B,B' = 0,4,4,0.3333333333333333,0,4,1,1.0,1.0,3,1,0,0,0,0,0.0,-0.0,1.5,0.8112781244591328,-0.0,1.0,0.5857864376269047,1,1,1,1.0,1,0.25,4.0,4,0.0,0.0,1.0,2,2,1.25,2,2,0,0,0.75,0.75,00,None,00,4,Single fixed point
14,4,1,10,"A→A,B→A",OA,OR,AND,A' = A | B,B' = 1,4,4,0.3333333333333333,0,4,1,1.0,1.0,3,1,0,0,0,0,0.0,-0.0,1.5,0.8112781244591328,-0.0,1.0,0.585786437626905,1,1,1,1.0,1,0.25,4.0,4,0.0,0.0,1.0,2,2,1.25,2,2,0,0,0.75,0.75,11,None,11,4,Single fixed point
15,4,1,10,"A→A,B→A",OO,OR,OR,A' = A | B,B' = 0,4,5,0.4166666666666667,0,4,1,1.25,1.25,2,2,0,0,0,0,0.0,0.8112781244591328,1.5,1.5219280948873621,1.0,1.0,0.585786437626905,2,2,1,1.0,1,0.5,2.5,3,0.25,0.0,0.5,1,2,1.25,1,1,1,0,0.75,0.75,00; 10,None,00; 10,2; 3,Multi-attractor fixed-point
16,4,2,11,"A→A,B⊣A",AA,AND,AND,A' = A & !B,B' = 1,4,4,0.3333333333333333,0,4,1,1.0,1.0,3,1,0,0,0,0,0.0,-0.0,1.5,0.8112781244591328,-0.0,1.0,0.585786437626905,1,1,1,1.0,1,0.25,4.0,4,0.0,0.0,1.0,2,2,1.25,2,2,0,0,0.75,0.75,01,None,01,4,Single fixed point
17,4,2,11,"A→A,B⊣A",AO,AND,OR,A' = A & !B,B' = 0,4,5,0.4166666666666667,0,4,1,1.25,1.25,2,2,0,0,0,0,0.0,0.8112781244591328,1.5,1.5219280948873621,1.0,1.0,0.585786437626905,2,2,1,1.0,1,0.5,2.5,3,0.25,0.0,0.5,1,2,1.25,1,1,1,0,0.75,0.75,00; 10,None,00; 10,3; 2,Multi-attractor fixed-point
18,4,2,11,"A→A,B⊣A",OA,OR,AND,A' = A | !B,B' = 1,4,5,0.4166666666666667,0,4,1,1.25,1.25,2,2,0,0,0,0,0.0,0.8112781244591328,1.5,1.5219280948873621,1.0,1.0,0.5857864376269047,2,2,1,1.0,1,0.5,2.5,3,0.25,0.0,0.5,1,2,1.25,1,1,1,0,0.75,0.75,01; 11,None,01; 11,2; 3,Multi-attractor fixed-point
19,4,2,11,"A→A,B⊣A",OO,OR,OR,A' = A | !B,B' = 0,4,4,0.3333333333333333,0,4,1,1.0,1.0,3,1,0,0,0,0,0.0,-0.0,1.5,0.8112781244591328,-0.0,1.0,0.5857864376269047,1,1,1,1.0,1,0.25,4.0,4,0.0,0.0,1.0,2,2,1.25,2,2,0,0,0.75,0.75,10,None,10,4,Single fixed point
20,4,3,12,"A⊣A,B→A",AA,AND,AND,A' = !A & B,B' = 1,4,5,0.4166666666666667,0,3,2,1.25,1.25,2,2,1,1,1,2,2.0,0.8112781244591328,1.5,1.5219280948873621,-0.0,1.0,1.9999999999999987,1,0,0,2.0,2,0.5,4.0,4,0.0,0.0,0.5,1,2,1.2857142857142858,1,1,1,0,0.75,0.75,None,"{01,11}","{01,11}",4,Cyclic / trap dominated
21,4,3,12,"A⊣A,B→A",AO,AND,OR,A' = !A & B,B' = 0,4,6,0.5,0,3,2,1.5,1.5,3,2,0,0,0,0,0.0,1.0,0.8112781244591328,1.792481250360578,-0.0,1.0,1.9999999999999987,1,1,1,1.0,1,0.25,4.0,4,0.0,0.0,1.0,2,2,1.2857142857142858,0,2,0,0,0.75,0.75,00,None,00,4,Single fixed point
22,4,3,12,"A⊣A,B→A",OA,OR,AND,A' = !A | B,B' = 1,4,6,0.5,0,3,2,1.5,1.5,3,2,0,0,0,0,0.0,1.0,0.8112781244591328,1.792481250360578,-0.0,1.0,1.9999999999999987,1,1,1,1.0,1,0.25,4.0,4,0.0,0.0,1.0,2,2,1.2857142857142858,0,2,0,0,0.75,0.75,11,None,11,4,Single fixed point
23,4,3,12,"A⊣A,B→A",OO,OR,OR,A' = !A | B,B' = 0,4,5,0.4166666666666667,0,3,2,1.25,1.25,2,2,1,1,1,2,2.0,0.8112781244591328,1.5,1.5219280948873621,-0.0,1.0,1.9999999999999987,1,0,0,2.0,2,0.5,4.0,4,0.0,0.0,0.5,1,2,1.2857142857142858,1,1,1,0,0.75,0.75,None,"{00,10}","{00,10}",4,Cyclic / trap dominated
24,4,4,13,"A⊣A,B⊣A",AA,AND,AND,A' = !A & !B,B' = 1,4,6,0.5,0,3,2,1.5,1.5,3,2,0,0,0,0,0.0,1.0,0.8112781244591328,1.792481250360578,-0.0,1.0,1.9999999999999987,1,1,1,1.0,1,0.25,4.0,4,0.0,0.0,1.0,2,2,1.2857142857142858,0,2,0,0,0.75,0.75,01,None,01,4,Single fixed point
25,4,4,13,"A⊣A,B⊣A",AO,AND,OR,A' = !A & !B,B' = 0,4,5,0.4166666666666667,0,3,2,1.25,1.25,2,2,1,1,1,2,2.0,0.8112781244591328,1.5,1.5219280948873621,-0.0,1.0,1.9999999999999987,1,0,0,2.0,2,0.5,4.0,4,0.0,0.0,0.5,1,2,1.2857142857142858,1,1,1,0,0.75,0.75,None,"{00,10}","{00,10}",4,Cyclic / trap dominated
26,4,4,13,"A⊣A,B⊣A",OA,OR,AND,A' = !A | !B,B' = 1,4,5,0.4166666666666667,0,3,2,1.25,1.25,2,2,1,1,1,2,2.0,0.8112781244591328,1.5,1.5219280948873621,-0.0,1.0,1.9999999999999987,1,0,0,2.0,2,0.5,4.0,4,0.0,0.0,0.5,1,2,1.2857142857142858,1,1,1,0,0.75,0.75,None,"{01,11}","{01,11}",4,Cyclic / trap dominated
27,4,4,13,"A⊣A,B⊣A",OO,OR,OR,A' = !A | !B,B' = 0,4,6,0.5,0,3,2,1.5,1.5,3,2,0,0,0,0,0.0,1.0,0.8112781244591328,1.792481250360578,-0.0,1.0,1.9999999999999987,1,1,1,1.0,1,0.25,4.0,4,0.0,0.0,1.0,2,2,1.2857142857142858,0,2,0,0,0.75,0.75,10,None,10,4,Single fixed point
28,5,1,14,"A→A,A→B,B→A",AA,AND,AND,A' = A & B,B' = A,4,5,0.4166666666666667,0,4,1,1.25,1.25,3,2,0,0,0,0,0.0,0.8112781244591328,1.5,0.9709505944546686,1.0,1.0,0.5857864376269047,2,2,1,1.0,1,0.5,2.5,3,0.25,0.0,0.5,1,1,1.0,2,0,2,0,1.0,1.0,00; 11,None,00; 11,3; 2,Multi-attractor fixed-point
29,5,1,14,"A→A,A→B,B→A",OA,AND,OR,A' = A | B,B' = A,4,5,0.4166666666666667,0,4,1,1.25,1.25,3,2,0,0,0,0,0.0,0.8112781244591328,1.5,0.9709505944546686,1.0,1.0,0.585786437626905,2,2,1,1.0,1,0.5,2.5,3,0.25,0.0,0.5,1,1,1.0,2,0,2,0,1.0,1.0,00; 11,None,00; 11,2; 3,Multi-attractor fixed-point
30,5,2,15,"A→A,A→B,B⊣A",AA,AND,AND,A' = A & !B,B' = A,4,4,0.3333333333333333,0,4,1,1.0,1.0,2,1,0,0,0,0,0.0,-0.0,1.5,1.5,-0.0,1.0,0.585786437626905,1,1,1,1.0,1,0.25,4.0,4,0.0,0.0,1.5,3,3,1.6666666666666667,1,2,0,0,1.0,1.0,00,None,00,4,Single fixed point
31,5,2,15,"A→A,A→B,B⊣A",OA,AND,OR,A' = A | !B,B' = A,4,4,0.3333333333333333,0,4,1,1.0,1.0,2,1,0,0,0,0,0.0,-0.0,1.5,1.5,-0.0,1.0,0.5857864376269047,1,1,1,1.0,1,0.25,4.0,4,0.0,0.0,1.5,3,3,1.6666666666666667,1,2,0,0,1.0,1.0,11,None,11,4,Single fixed point
32,5,3,16,"A→A,A⊣B,B→A",AA,AND,AND,A' = A & B,B' = !A,4,4,0.3333333333333333,0,4,1,1.0,1.0,2,1,0,0,0,0,0.0,-0.0,1.5,1.5,-0.0,1.0,0.5857864376269047,1,1,1,1.0,1,0.25,4.0,4,0.0,0.0,1.5,3,3,1.6666666666666667,1,2,0,0,1.0,1.0,01,None,01,4,Single fixed point
33,5,3,16,"A→A,A⊣B,B→A",OA,AND,OR,A' = A | B,B' = !A,4,4,0.3333333333333333,0,4,1,1.0,1.0,2,1,0,0,0,0,0.0,-0.0,1.5,1.5,-0.0,1.0,0.585786437626905,1,1,1,1.0,1,0.25,4.0,4,0.0,0.0,1.5,3,3,1.6666666666666667,1,2,0,0,1.0,1.0,10,None,10,4,Single fixed point
34,5,4,17,"A→A,A⊣B,B⊣A",AA,AND,AND,A' = A & !B,B' = !A,4,5,0.4166666666666667,0,4,1,1.25,1.25,3,2,0,0,0,0,0.0,0.8112781244591328,1.5,0.9709505944546686,1.0,1.0,0.585786437626905,2,2,1,1.0,1,0.5,2.5,3,0.25,0.0,0.5,1,1,1.0,2,0,2,0,1.0,1.0,01; 10,None,01; 10,3; 2,Multi-attractor fixed-point
35,5,4,17,"A→A,A⊣B,B⊣A",OA,AND,OR,A' = A | !B,B' = !A,4,5,0.4166666666666667,0,4,1,1.25,1.25,3,2,0,0,0,0,0.0,0.8112781244591328,1.5,0.9709505944546686,1.0,1.0,0.5857864376269047,2,2,1,1.0,1,0.5,2.5,3,0.25,0.0,0.5,1,1,1.0,2,0,2,0,1.0,1.0,01; 10,None,01; 10,2; 3,Multi-attractor fixed-point
36,5,5,18,"A⊣A,A→B,B→A",AA,AND,AND,A' = !A & B,B' = A,4,6,0.5,0,3,2,1.5,1.5,3,2,0,0,0,0,0.0,1.0,2.0,1.4591479170272448,-0.0,1.0,1.9999999999999987,1,1,1,1.0,1,0.25,4.0,4,0.0,0.0,1.0,2,2,1.2857142857142858,1,2,0,0,1.0,1.0,00,None,00,4,Single fixed point
37,5,5,18,"A⊣A,A→B,B→A",OA,AND,OR,A' = !A | B,B' = A,4,6,0.5,0,3,2,1.5,1.5,3,2,0,0,0,0,0.0,1.0,2.0,1.4591479170272448,-0.0,1.0,1.9999999999999987,1,1,1,1.0,1,0.25,4.0,4,0.0,0.0,1.0,2,2,1.2857142857142858,1,2,0,0,1.0,1.0,11,None,11,4,Single fixed point
38,5,6,19,"A⊣A,A→B,B⊣A",AA,AND,AND,A' = !A & !B,B' = A,4,5,0.4166666666666667,1,1,4,1.25,1.25,2,2,1,1,1,4,4.0,0.8112781244591328,0.8112781244591328,1.9219280948873623,-0.0,1.27201964951407,1.9999999999999987,1,0,0,4.0,4,1.0,4.0,4,0.0,0.0,0.0,0,3,1.8333333333333333,0,0,2,0,1.0,1.0,None,"{00,01,10,11}","{00,01,10,11}",4,Cyclic / trap dominated
39,5,6,19,"A⊣A,A→B,B⊣A",OA,AND,OR,A' = !A | !B,B' = A,4,5,0.4166666666666667,1,1,4,1.25,1.25,2,2,1,1,1,4,4.0,0.8112781244591328,0.8112781244591328,1.9219280948873623,-0.0,1.2720196495140699,1.9999999999999987,1,0,0,4.0,4,1.0,4.0,4,0.0,0.0,0.0,0,3,1.8333333333333333,0,0,2,0,1.0,1.0,None,"{00,01,10,11}","{00,01,10,11}",4,Cyclic / trap dominated
40,5,7,20,"A⊣A,A⊣B,B→A",AA,AND,AND,A' = !A & B,B' = !A,4,5,0.4166666666666667,1,1,4,1.25,1.25,2,2,1,1,1,4,4.0,0.8112781244591328,0.8112781244591328,1.9219280948873623,-0.0,1.2720196495140692,1.9999999999999987,1,0,0,4.0,4,1.0,4.0,4,0.0,0.0,0.0,0,3,1.8333333333333333,0,0,2,0,1.0,1.0,None,"{00,01,10,11}","{00,01,10,11}",4,Cyclic / trap dominated
41,5,7,20,"A⊣A,A⊣B,B→A",OA,AND,OR,A' = !A | B,B' = !A,4,5,0.4166666666666667,1,1,4,1.25,1.25,2,2,1,1,1,4,4.0,0.8112781244591328,0.8112781244591328,1.9219280948873623,-0.0,1.272019649514069,1.9999999999999987,1,0,0,4.0,4,1.0,4.0,4,0.0,0.0,0.0,0,3,1.8333333333333333,0,0,2,0,1.0,1.0,None,"{00,01,10,11}","{00,01,10,11}",4,Cyclic / trap dominated
42,5,8,21,"A⊣A,A⊣B,B⊣A",AA,AND,AND,A' = !A & !B,B' = !A,4,6,0.5,0,3,2,1.5,1.5,3,2,0,0,0,0,0.0,1.0,2.0,1.4591479170272448,-0.0,1.0,1.9999999999999987,1,1,1,1.0,1,0.25,4.0,4,0.0,0.0,1.0,2,2,1.2857142857142858,1,2,0,0,1.0,1.0,01,None,01,4,Single fixed point
43,5,8,21,"A⊣A,A⊣B,B⊣A",OA,AND,OR,A' = !A | !B,B' = !A,4,6,0.5,0,3,2,1.5,1.5,3,2,0,0,0,0,0.0,1.0,2.0,1.4591479170272448,-0.0,1.0,1.9999999999999987,1,1,1,1.0,1,0.25,4.0,4,0.0,0.0,1.0,2,2,1.2857142857142858,1,2,0,0,1.0,1.0,10,None,10,4,Single fixed point
44,6,1,22,"A→A,B→B,A→B",AA,AND,AND,A' = A & B,B' = B,4,4,0.3333333333333333,0,4,1,1.0,1.0,2,1,0,0,0,0,0.0,-0.0,1.5,1.5,0.9182958340544896,1.0,0.0,3,3,1,1.0,1,0.75,1.3333333333333333,2,0.2222222222222222,0.7071067811865479,0.25,1,1,1.0,1,0,2,0,1.0,1.0,00; 01; 11,None,00; 01; 11,2; 1; 1,Multi-attractor fixed-point
45,6,1,22,"A→A,B→B,A→B",OA,AND,OR,A' = A | B,B' = B,4,4,0.3333333333333333,0,4,1,1.0,1.0,2,1,0,0,0,0,0.0,-0.0,1.5,1.5,0.9182958340544896,1.0,0.0,3,3,1,1.0,1,0.75,1.3333333333333333,2,0.2222222222222222,0.7071067811865479,0.25,1,1,1.0,1,0,2,0,1.0,1.0,00; 10; 11,None,00; 10; 11,1; 1; 2,Multi-attractor fixed-point
46,6,2,23,"A→A,B→B,A⊣B",AA,AND,AND,A' = A & !B,B' = B,4,4,0.3333333333333333,0,4,1,1.0,1.0,2,1,0,0,0,0,0.0,-0.0,1.5,1.5,0.9182958340544896,1.0,0.0,3,3,1,1.0,1,0.75,1.3333333333333333,2,0.2222222222222222,0.7071067811865479,0.25,1,1,1.0,1,0,2,0,1.0,1.0,00; 01; 10,None,00; 01; 10,1; 2; 1,Multi-attractor fixed-point
47,6,2,23,"A→A,B→B,A⊣B",OA,AND,OR,A' = A | !B,B' = B,4,4,0.3333333333333333,0,4,1,1.0,1.0,2,1,0,0,0,0,0.0,-0.0,1.5,1.5,0.9182958340544896,1.0,0.0,3,3,1,1.0,1,0.75,1.3333333333333333,2,0.2222222222222222,0.7071067811865479,0.25,1,1,1.0,1,0,2,0,1.0,1.0,01; 10; 11,None,01; 10; 11,1; 2; 1,Multi-attractor fixed-point
48,6,3,24,"A→A,B⊣B,A→B",AA,AND,AND,A' = A & B,B' = !B,4,5,0.4166666666666667,0,2,2,1.25,1.25,2,2,1,1,1,2,2.0,0.8112781244591328,0.8112781244591328,1.9219280948873623,-0.0,1.0000000180341544,0.5857864376269047,1,0,0,2.0,2,0.5,4.0,4,0.0,0.0,0.75,2,3,1.5,0,1,1,0,1.0,1.0,None,"{00,01}","{00,01}",4,Cyclic / trap dominated
49,6,3,24,"A→A,B⊣B,A→B",OA,AND,OR,A' = A | B,B' = !B,4,5,0.4166666666666667,0,2,2,1.25,1.25,2,2,1,1,1,2,2.0,0.8112781244591328,0.8112781244591328,1.9219280948873623,-0.0,1.0,0.585786437626905,1,0,0,2.0,2,0.5,4.0,4,0.0,0.0,0.75,2,3,1.5,0,1,1,0,1.0,1.0,None,"{10,11}","{10,11}",4,Cyclic / trap dominated
50,6,4,25,"A→A,B⊣B,A⊣B",AA,AND,AND,A' = !A & !B,B' = B,4,4,0.3333333333333333,0,3,2,1.0,1.0,2,1,1,1,1,2,2.0,-0.0,1.5,1.5,-0.0,1.0,0.0,2,1,1,1.5,2,0.75,2.0,2,0.0,0.0,0.25,1,1,1.0,1,0,2,0,1.0,1.0,01,"{00,10}","01; {00,10}",2; 2,Mixed fixed + trap
51,6,4,25,"A→A,B⊣B,A⊣B",OA,AND,OR,A' = !A | !B,B' = B,4,4,0.3333333333333333,0,3,2,1.0,1.0,2,1,1,1,1,2,2.0,-0.0,1.5,1.5,-0.0,1.0,0.0,2,1,1,1.5,2,0.75,2.0,2,0.0,0.0,0.25,1,1,1.0,1,0,2,0,1.0,1.0,10,"{01,11}","10; {01,11}",2; 2,Mixed fixed + trap
52,6,5,26,"A⊣A,B→B,A→B",AA,AND,AND,A' = !A & B,B' = B,4,4,0.3333333333333333,0,3,2,1.0,1.0,2,1,1,1,1,2,2.0,-0.0,1.5,1.5,-0.0,1.0,0.0,2,1,1,1.5,2,0.75,2.0,2,0.0,0.0,0.25,1,1,1.0,1,0,2,0,1.0,1.0,00,"{01,11}","00; {01,11}",2; 2,Mixed fixed + trap
53,6,5,26,"A⊣A,B→B,A→B",OA,AND,OR,A' = !A | B,B' = B,4,4,0.3333333333333333,0,3,2,1.0,1.0,2,1,1,1,1,2,2.0,-0.0,1.5,1.5,-0.0,1.0,0.0,2,1,1,1.5,2,0.75,2.0,2,0.0,0.0,0.25,1,1,1.0,1,0,2,0,1.0,1.0,11,"{00,10}","11; {00,10}",2; 2,Mixed fixed + trap
54,6,6,27,"A⊣A,B→B,A⊣B",AA,AND,AND,A' = A & !B,B' = !B,4,5,0.4166666666666667,0,2,2,1.25,1.25,2,2,1,1,1,2,2.0,0.8112781244591328,0.8112781244591328,1.9219280948873623,-0.0,1.000000005980833,0.585786437626905,1,0,0,2.0,2,0.5,4.0,4,0.0,0.0,0.75,2,3,1.5,0,1,1,0,1.0,1.0,None,"{00,01}","{00,01}",4,Cyclic / trap dominated
55,6,6,27,"A⊣A,B→B,A⊣B",OA,AND,OR,A' = A | !B,B' = !B,4,5,0.4166666666666667,0,2,2,1.25,1.25,2,2,1,1,1,2,2.0,0.8112781244591328,0.8112781244591328,1.9219280948873623,-0.0,1.0,0.5857864376269047,1,0,0,2.0,2,0.5,4.0,4,0.0,0.0,0.75,2,3,1.5,0,1,1,0,1.0,1.0,None,"{10,11}","{10,11}",4,Cyclic / trap dominated
56,6,7,28,"A⊣A,B⊣B,A→B",AA,AND,AND,A' = !A & B,B' = !B,4,7,0.5833333333333334,1,1,4,1.75,1.75,2,2,1,1,1,4,4.0,0.8112781244591328,0.8112781244591328,1.9502120649147467,-0.0,1.7320508075688774,1.9999999999999987,1,0,0,4.0,4,1.0,4.0,4,0.0,0.0,0.0,0,3,1.5,0,0,2,0,1.0,1.0,None,"{00,01,10,11}","{00,01,10,11}",4,Cyclic / trap dominated
57,6,7,28,"A⊣A,B⊣B,A→B",OA,AND,OR,A' = !A | B,B' = !B,4,7,0.5833333333333334,1,1,4,1.75,1.75,2,2,1,1,1,4,4.0,0.8112781244591328,0.8112781244591328,1.9502120649147467,-0.0,1.7320508075688774,1.9999999999999987,1,0,0,4.0,4,1.0,4.0,4,0.0,0.0,0.0,0,3,1.5,0,0,2,0,1.0,1.0,None,"{00,01,10,11}","{00,01,10,11}",4,Cyclic / trap dominated
58,6,8,29,"A⊣A,B⊣B,A⊣B",AA,AND,AND,A' = !A & !B,B' = !B,4,7,0.5833333333333334,1,1,4,1.75,1.75,2,2,1,1,1,4,4.0,0.8112781244591328,0.8112781244591328,1.9502120649147467,-0.0,1.7320508075688767,1.9999999999999987,1,0,0,4.0,4,1.0,4.0,4,0.0,0.0,0.0,0,3,1.5,0,0,2,0,1.0,1.0,None,"{00,01,10,11}","{00,01,10,11}",4,Cyclic / trap dominated
59,6,8,29,"A⊣A,B⊣B,A⊣B",OA,AND,OR,A' = !A | !B,B' = !B,4,7,0.5833333333333334,1,1,4,1.75,1.75,2,2,1,1,1,4,4.0,0.8112781244591328,0.8112781244591328,1.9502120649147467,-0.0,1.7320508075688772,1.9999999999999987,1,0,0,4.0,4,1.0,4.0,4,0.0,0.0,0.0,0,3,1.5,0,0,2,0,1.0,1.0,None,"{00,01,10,11}","{00,01,10,11}",4,Cyclic / trap dominated
60,7,1,30,"A→A,B→B,A→B,B→A",AA,AND,AND,A' = A & B,B' = B & A,4,4,0.3333333333333333,0,4,1,1.0,1.0,3,1,0,0,0,0,0.0,-0.0,1.5,0.8112781244591328,1.0,1.0,0.0,2,2,1,1.0,1,0.5,2.0,3,1.0,0.0,0.5,1,1,1.0,2,0,2,0,1.0,1.0,00; 11,None,00; 11,3; 1,Multi-attractor fixed-point
61,7,1,30,"A→A,B→B,A→B,B→A",OA,AND,OR,A' = A | B,B' = B & A,4,5,0.4166666666666667,0,4,1,1.25,1.25,2,2,0,0,0,0,0.0,0.8112781244591328,1.5,1.5219280948873621,0.9182958340544896,1.0,3.960290235698816e-17,3,3,1,1.0,1,0.75,1.6666666666666667,2,0.2222222222222222,-0.7071067811865479,0.25,1,1,1.0,1,0,2,0,1.0,1.0,00; 10; 11,None,00; 10; 11,2; 1; 2,Multi-attractor fixed-point
62,7,1,30,"A→A,B→B,A→B,B→A",OO,OR,OR,A' = A | B,B' = B | A,4,4,0.3333333333333333,0,4,1,1.0,1.0,3,1,0,0,0,0,0.0,-0.0,1.5,0.8112781244591328,1.0,1.0,3.960290235698816e-17,2,2,1,1.0,1,0.5,2.0,3,1.0,0.0,0.5,1,1,1.0,2,0,2,0,1.0,1.0,00; 11,None,00; 11,1; 3,Multi-attractor fixed-point
63,7,2,31,"A→A,B→B,A→B,B⊣A",AA,AND,AND,A' = A & !B,B' = B & A,4,4,0.3333333333333333,0,4,1,1.0,1.0,2,1,0,0,0,0,0.0,-0.0,1.5,1.5,1.0,1.0,3.960290235698816e-17,2,2,1,1.0,1,0.5,2.0,3,1.0,0.0,0.75,2,2,1.3333333333333333,1,1,1,0,1.0,1.0,00; 10,None,00; 10,3; 1,Multi-attractor fixed-point
64,7,2,31,"A→A,B→B,A→B,B⊣A",OA,AND,OR,A' = A | !B,B' = B & A,4,4,0.3333333333333333,0,4,1,1.0,1.0,2,1,0,0,0,0,0.0,-0.0,1.5,1.5,1.0,1.0,0.0,2,2,1,1.0,1,0.5,2.0,3,1.0,0.0,0.75,2,2,1.3333333333333333,1,1,1,0,1.0,1.0,10; 11,None,10; 11,3; 1,Multi-attractor fixed-point
65,7,2,31,"A→A,B→B,A→B,B⊣A",OO,OR,OR,A' = A | !B,B' = B | A,4,4,0.3333333333333333,0,4,1,1.0,1.0,2,1,0,0,0,0,0.0,-0.0,1.5,1.5,1.0,1.0,3.960290235698816e-17,2,2,1,1.0,1,0.5,2.0,3,1.0,0.0,0.75,2,2,1.3333333333333333,1,1,1,0,1.0,1.0,01; 11,None,01; 11,1; 3,Multi-attractor fixed-point
66,7,3,32,"A→A,B→B,A⊣B,B⊣A",AA,AND,AND,A' = A & !B,B' = B & !A,4,5,0.4166666666666667,0,4,1,1.25,1.25,2,2,0,0,0,0,0.0,0.8112781244591328,1.5,1.5219280948873621,0.9182958340544896,1.0,3.960290235698816e-17,3,3,1,1.0,1,0.75,1.6666666666666667,2,0.2222222222222222,-0.7071067811865479,0.25,1,1,1.0,1,0,2,0,1.0,1.0,00; 01; 10,None,00; 01; 10,1; 2; 2,Multi-attractor fixed-point
67,7,3,32,"A→A,B→B,A⊣B,B⊣A",OA,AND,OR,A' = A | !B,B' = B & !A,4,4,0.3333333333333333,0,4,1,1.0,1.0,3,1,0,0,0,0,0.0,-0.0,1.5,0.8112781244591328,1.0,1.0,3.960290235698816e-17,2,2,1,1.0,1,0.5,2.0,3,1.0,0.0,0.5,1,1,1.0,2,0,2,0,1.0,1.0,01; 10,None,01; 10,1; 3,Multi-attractor fixed-point
68,7,3,32,"A→A,B→B,A⊣B,B⊣A",OO,OR,OR,A' = A | !B,B' = B | !A,4,5,0.4166666666666667,0,4,1,1.25,1.25,2,2,0,0,0,0,0.0,0.8112781244591328,1.5,1.5219280948873621,0.9182958340544896,1.0,0.0,3,3,1,1.0,1,0.75,1.6666666666666667,2,0.2222222222222222,-0.7071067811865479,0.25,1,1,1.0,1,0,2,0,1.0,1.0,01; 10; 11,None,01; 10; 11,2; 2; 1,Multi-attractor fixed-point
69,7,4,33,"A→A,B⊣B,A→B,B⊣A",AA,AND,AND,A' = A & !B,B' = !B & A,4,5,0.4166666666666667,0,3,2,1.25,1.25,2,2,0,0,0,0,0.0,0.8112781244591328,0.8112781244591328,1.9219280948873623,-0.0,1.0,0.585786437626905,1,1,1,1.0,1,0.25,4.0,4,0.0,0.0,1.5,3,3,1.5714285714285714,0,2,0,0,1.0,1.0,00,None,00,4,Single fixed point
70,7,4,33,"A→A,B⊣B,A→B,B⊣A",OA,AND,OR,A' = A | !B,B' = !B & A,4,4,0.3333333333333333,0,3,2,1.0,1.0,2,1,1,1,1,2,2.0,-0.0,1.5,1.5,-0.0,1.0,0.5857864376269047,1,0,0,2.0,2,0.5,4.0,4,0.0,0.0,0.75,2,3,1.5714285714285714,1,1,1,0,1.0,1.0,None,"{10,11}","{10,11}",4,Cyclic / trap dominated
71,7,4,33,"A→A,B⊣B,A→B,B⊣A",OO,OR,OR,A' = A | !B,B' = !B | A,4,5,0.4166666666666667,0,3,2,1.25,1.25,2,2,0,0,0,0,0.0,0.8112781244591328,0.8112781244591328,1.9219280948873623,-0.0,1.0,0.5857864376269047,1,1,1,1.0,1,0.25,4.0,4,0.0,0.0,1.5,3,3,1.5714285714285714,0,2,0,0,1.0,1.0,11,None,11,4,Single fixed point
72,7,5,34,"A→A,B⊣B,A⊣B,B→A",AA,AND,AND,A' = A & B,B' = !B & !A,4,4,0.3333333333333333,0,3,2,1.0,1.0,2,1,1,1,1,2,2.0,-0.0,1.5,1.5,-0.0,1.0,0.5857864376269047,1,0,0,2.0,2,0.5,4.0,4,0.0,0.0,0.75,2,3,1.5714285714285714,1,1,1,0,1.0,1.0,None,"{00,01}","{00,01}",4,Cyclic / trap dominated
73,7,5,34,"A→A,B⊣B,A⊣B,B→A",OA,AND,OR,A' = A | B,B' = !B & !A,4,5,0.4166666666666667,0,3,2,1.25,1.25,2,2,0,0,0,0,0.0,0.8112781244591328,0.8112781244591328,1.9219280948873623,-0.0,1.0,0.585786437626905,1,1,1,1.0,1,0.25,4.0,4,0.0,0.0,1.5,3,3,1.5714285714285714,0,2,0,0,1.0,1.0,10,None,10,4,Single fixed point
74,7,5,34,"A→A,B⊣B,A⊣B,B→A",OO,OR,OR,A' = A | B,B' = !B | !A,4,4,0.3333333333333333,0,3,2,1.0,1.0,2,1,1,1,1,2,2.0,-0.0,1.5,1.5,-0.0,1.0,0.585786437626905,1,0,0,2.0,2,0.5,4.0,4,0.0,0.0,0.75,2,3,1.5714285714285714,1,1,1,0,1.0,1.0,None,"{10,11}","{10,11}",4,Cyclic / trap dominated
75,7,6,35,"A→A,B⊣B,A⊣B,B⊣A",AA,AND,AND,A' = A & !B,B' = !B & !A,4,5,0.4166666666666667,0,3,2,1.25,1.25,2,2,1,1,1,2,2.0,0.8112781244591328,1.5,1.5219280948873621,1.0,1.0,0.585786437626905,2,1,1,1.5,2,0.75,2.5,3,0.25,0.0,0.25,1,2,1.2,1,0,2,0,1.0,1.0,10,"{00,01}","10; {00,01}",2; 3,Mixed fixed + trap
76,7,6,35,"A→A,B⊣B,A⊣B,B⊣A",OA,AND,OR,A' = A | !B,B' = !B & !A,4,5,0.4166666666666667,0,3,2,1.25,1.25,3,2,0,0,0,0,0.0,0.8112781244591328,1.5,1.3709505944546687,-0.0,1.0,0.5857864376269047,1,1,1,1.0,1,0.25,4.0,4,0.0,0.0,1.0,2,2,1.2,1,2,0,0,1.0,1.0,10,None,10,4,Single fixed point
77,7,6,35,"A→A,B⊣B,A⊣B,B⊣A",OO,OR,OR,A' = A | !B,B' = !B | !A,4,5,0.4166666666666667,0,3,2,1.25,1.25,2,2,1,1,1,2,2.0,0.8112781244591328,1.5,1.5219280948873621,1.0,1.0,0.5857864376269047,2,1,1,1.5,2,0.75,2.5,3,0.25,0.0,0.25,1,2,1.2,1,0,2,0,1.0,1.0,01,"{10,11}","01; {10,11}",2; 3,Mixed fixed + trap
78,7,7,36,"A⊣A,B→B,A→B,B→A",AA,AND,AND,A' = !A & B,B' = B & A,4,5,0.4166666666666667,0,3,2,1.25,1.25,3,2,0,0,0,0,0.0,0.8112781244591328,1.5,1.3709505944546687,-0.0,1.0,0.585786437626905,1,1,1,1.0,1,0.25,4.0,4,0.0,0.0,1.0,2,2,1.2,1,2,0,0,1.0,1.0,00,None,00,4,Single fixed point
79,7,7,36,"A⊣A,B→B,A→B,B→A",OA,AND,OR,A' = !A | B,B' = B & A,4,5,0.4166666666666667,0,3,2,1.25,1.25,2,2,1,1,1,2,2.0,0.8112781244591328,1.5,1.5219280948873621,1.0,1.0,0.585786437626905,2,1,1,1.5,2,0.75,2.5,3,0.25,0.0,0.25,1,2,1.2,1,0,2,0,1.0,1.0,11,"{00,10}","11; {00,10}",2; 3,Mixed fixed + trap
80,7,7,36,"A⊣A,B→B,A→B,B→A",OO,OR,OR,A' = !A | B,B' = B | A,4,5,0.4166666666666667,0,3,2,1.25,1.25,3,2,0,0,0,0,0.0,0.8112781244591328,1.5,1.3709505944546687,-0.0,1.0,0.585786437626905,1,1,1,1.0,1,0.25,4.0,4,0.0,0.0,1.0,2,2,1.2,1,2,0,0,1.0,1.0,11,None,11,4,Single fixed point
81,7,8,37,"A⊣A,B⊣B,A→B,B→A",AA,AND,AND,A' = !A & B,B' = !B & A,4,7,0.5833333333333334,0,2,3,1.75,1.75,3,2,0,0,0,0,0.0,0.8112781244591328,1.5,1.8423709931771084,-0.0,1.4142135623730951,1.9999999999999987,1,1,1,1.0,1,0.25,4.0,4,0.0,0.0,1.0,2,2,1.3333333333333333,0,2,0,0,1.0,1.0,00,None,00,4,Single fixed point
82,7,8,37,"A⊣A,B⊣B,A→B,B→A",OA,AND,OR,A' = !A | B,B' = !B & A,4,6,0.5,0,2,3,1.5,1.5,2,2,1,1,1,3,3.0,1.0,0.8112781244591328,1.584962500721156,-0.0,1.4142135623730956,1.9999999999999987,1,0,0,3.0,3,0.75,4.0,4,0.0,0.0,0.25,1,2,1.3333333333333333,1,0,2,0,1.0,1.0,None,"{00,10,11}","{00,10,11}",4,Cyclic / trap dominated
83,7,8,37,"A⊣A,B⊣B,A→B,B→A",OO,OR,OR,A' = !A | B,B' = !B | A,4,7,0.5833333333333334,0,2,3,1.75,1.75,3,2,0,0,0,0,0.0,0.8112781244591328,1.5,1.8423709931771084,-0.0,1.4142135623730951,1.9999999999999987,1,1,1,1.0,1,0.25,4.0,4,0.0,0.0,1.0,2,2,1.3333333333333333,0,2,0,0,1.0,1.0,11,None,11,4,Single fixed point
84,7,9,38,"A⊣A,B⊣B,A→B,B⊣A",AA,AND,AND,A' = !A & !B,B' = !B & A,4,6,0.5,1,1,4,1.5,1.5,2,2,1,1,1,4,4.0,1.0,1.0,1.9182958340544896,-0.0,1.5537739740300378,1.9999999999999987,1,0,0,4.0,4,1.0,4.0,4,0.0,0.0,0.0,0,3,1.6666666666666667,0,0,2,0,1.0,1.0,None,"{00,01,10,11}","{00,01,10,11}",4,Cyclic / trap dominated
85,7,9,38,"A⊣A,B⊣B,A→B,B⊣A",OA,AND,OR,A' = !A | !B,B' = !B & A,4,6,0.5,1,1,4,1.5,1.5,2,2,1,1,1,4,4.0,1.0,1.0,1.9182958340544896,-0.0,1.5537739740300385,1.9999999999999987,1,0,0,4.0,4,1.0,4.0,4,0.0,0.0,0.0,0,3,1.6666666666666667,0,0,2,0,1.0,1.0,None,"{00,01,10,11}","{00,01,10,11}",4,Cyclic / trap dominated
86,7,9,38,"A⊣A,B⊣B,A→B,B⊣A",OO,OR,OR,A' = !A | !B,B' = !B | A,4,6,0.5,1,1,4,1.5,1.5,2,2,1,1,1,4,4.0,1.0,1.0,1.9182958340544896,-0.0,1.5537739740300376,1.9999999999999987,1,0,0,4.0,4,1.0,4.0,4,0.0,0.0,0.0,0,3,1.6666666666666667,0,0,2,0,1.0,1.0,None,"{00,01,10,11}","{00,01,10,11}",4,Cyclic / trap dominated
87,7,10,39,"A⊣A,B⊣B,A⊣B,B⊣A",AA,AND,AND,A' = !A & !B,B' = !B & !A,4,6,0.5,0,2,3,1.5,1.5,2,2,1,1,1,3,3.0,1.0,0.8112781244591328,1.584962500721156,-0.0,1.4142135623730956,1.9999999999999987,1,0,0,3.0,3,0.75,4.0,4,0.0,0.0,0.25,1,2,1.3333333333333333,1,0,2,0,1.0,1.0,None,"{00,01,10}","{00,01,10}",4,Cyclic / trap dominated
88,7,10,39,"A⊣A,B⊣B,A⊣B,B⊣A",OA,AND,OR,A' = !A | !B,B' = !B & !A,4,7,0.5833333333333334,0,2,3,1.75,1.75,3,2,0,0,0,0,0.0,0.8112781244591328,1.5,1.8423709931771084,-0.0,1.4142135623730956,1.9999999999999987,1,1,1,1.0,1,0.25,4.0,4,0.0,0.0,1.0,2,2,1.3333333333333333,0,2,0,0,1.0,1.0,10,None,10,4,Single fixed point
89,7,10,39,"A⊣A,B⊣B,A⊣B,B⊣A",OO,OR,OR,A' = !A | !B,B' = !B | !A,4,6,0.5,0,2,3,1.5,1.5,2,2,1,1,1,3,3.0,1.0,0.8112781244591328,1.584962500721156,-0.0,1.4142135623730956,1.9999999999999987,1,0,0,3.0,3,0.75,4.0,4,0.0,0.0,0.25,1,2,1.3333333333333333,1,0,2,0,1.0,1.0,None,"{01,10,11}","{01,10,11}",4,Cyclic / trap dominated
