network_id,class,graph_in_class,graph_global_id,graph_desc,logic_code,gate_A,gate_B,rule_A,rule_B,edge_AA,edge_AB,edge_BA,edge_BB,start_state,A_update_only,B_update_only
1,1,1,1,A→B,AA,AND,AND,A' = 1,B' = A,0,1,0,0,00,10,00
1,1,1,1,A→B,AA,AND,AND,A' = 1,B' = A,0,1,0,0,01,11,00
1,1,1,1,A→B,AA,AND,AND,A' = 1,B' = A,0,1,0,0,10,10,11
1,1,1,1,A→B,AA,AND,AND,A' = 1,B' = A,0,1,0,0,11,11,11
2,1,1,1,A→B,OA,OR,AND,A' = 0,B' = A,0,1,0,0,00,00,00
2,1,1,1,A→B,OA,OR,AND,A' = 0,B' = A,0,1,0,0,01,01,00
2,1,1,1,A→B,OA,OR,AND,A' = 0,B' = A,0,1,0,0,10,00,11
2,1,1,1,A→B,OA,OR,AND,A' = 0,B' = A,0,1,0,0,11,01,11
3,1,2,2,A⊣B,AA,AND,AND,A' = 1,B' = !A,0,-1,0,0,00,10,01
3,1,2,2,A⊣B,AA,AND,AND,A' = 1,B' = !A,0,-1,0,0,01,11,01
3,1,2,2,A⊣B,AA,AND,AND,A' = 1,B' = !A,0,-1,0,0,10,10,10
3,1,2,2,A⊣B,AA,AND,AND,A' = 1,B' = !A,0,-1,0,0,11,11,10
4,1,2,2,A⊣B,OA,OR,AND,A' = 0,B' = !A,0,-1,0,0,00,00,01
4,1,2,2,A⊣B,OA,OR,AND,A' = 0,B' = !A,0,-1,0,0,01,01,01
4,1,2,2,A⊣B,OA,OR,AND,A' = 0,B' = !A,0,-1,0,0,10,00,10
4,1,2,2,A⊣B,OA,OR,AND,A' = 0,B' = !A,0,-1,0,0,11,01,10
5,2,1,3,"A→B,B→A",AA,AND,AND,A' = B,B' = A,0,1,1,0,00,00,00
5,2,1,3,"A→B,B→A",AA,AND,AND,A' = B,B' = A,0,1,1,0,01,11,00
5,2,1,3,"A→B,B→A",AA,AND,AND,A' = B,B' = A,0,1,1,0,10,00,11
5,2,1,3,"A→B,B→A",AA,AND,AND,A' = B,B' = A,0,1,1,0,11,11,11
6,2,2,4,"A→B,B⊣A",AA,AND,AND,A' = !B,B' = A,0,1,-1,0,00,10,00
6,2,2,4,"A→B,B⊣A",AA,AND,AND,A' = !B,B' = A,0,1,-1,0,01,01,00
6,2,2,4,"A→B,B⊣A",AA,AND,AND,A' = !B,B' = A,0,1,-1,0,10,10,11
6,2,2,4,"A→B,B⊣A",AA,AND,AND,A' = !B,B' = A,0,1,-1,0,11,01,11
7,2,3,5,"A⊣B,B⊣A",AA,AND,AND,A' = !B,B' = !A,0,-1,-1,0,00,10,01
7,2,3,5,"A⊣B,B⊣A",AA,AND,AND,A' = !B,B' = !A,0,-1,-1,0,01,01,01
7,2,3,5,"A⊣B,B⊣A",AA,AND,AND,A' = !B,B' = !A,0,-1,-1,0,10,10,10
7,2,3,5,"A⊣B,B⊣A",AA,AND,AND,A' = !B,B' = !A,0,-1,-1,0,11,01,10
8,3,1,6,"A→A,A→B",AA,AND,AND,A' = A,B' = A,1,1,0,0,00,00,00
8,3,1,6,"A→A,A→B",AA,AND,AND,A' = A,B' = A,1,1,0,0,01,01,00
8,3,1,6,"A→A,A→B",AA,AND,AND,A' = A,B' = A,1,1,0,0,10,10,11
8,3,1,6,"A→A,A→B",AA,AND,AND,A' = A,B' = A,1,1,0,0,11,11,11
9,3,2,7,"A→A,A⊣B",AA,AND,AND,A' = A,B' = !A,1,-1,0,0,00,00,01
9,3,2,7,"A→A,A⊣B",AA,AND,AND,A' = A,B' = !A,1,-1,0,0,01,01,01
9,3,2,7,"A→A,A⊣B",AA,AND,AND,A' = A,B' = !A,1,-1,0,0,10,10,10
9,3,2,7,"A→A,A⊣B",AA,AND,AND,A' = A,B' = !A,1,-1,0,0,11,11,10
10,3,3,8,"A⊣A,A→B",AA,AND,AND,A' = !A,B' = A,-1,1,0,0,00,10,00
10,3,3,8,"A⊣A,A→B",AA,AND,AND,A' = !A,B' = A,-1,1,0,0,01,11,00
10,3,3,8,"A⊣A,A→B",AA,AND,AND,A' = !A,B' = A,-1,1,0,0,10,00,11
10,3,3,8,"A⊣A,A→B",AA,AND,AND,A' = !A,B' = A,-1,1,0,0,11,01,11
11,3,4,9,"A⊣A,A⊣B",AA,AND,AND,A' = !A,B' = !A,-1,-1,0,0,00,10,01
11,3,4,9,"A⊣A,A⊣B",AA,AND,AND,A' = !A,B' = !A,-1,-1,0,0,01,11,01
11,3,4,9,"A⊣A,A⊣B",AA,AND,AND,A' = !A,B' = !A,-1,-1,0,0,10,00,10
11,3,4,9,"A⊣A,A⊣B",AA,AND,AND,A' = !A,B' = !A,-1,-1,0,0,11,01,10
12,4,1,10,"A→A,B→A",AA,AND,AND,A' = A & B,B' = 1,1,0,1,0,00,00,01
12,4,1,10,"A→A,B→A",AA,AND,AND,A' = A & B,B' = 1,1,0,1,0,01,01,01
12,4,1,10,"A→A,B→A",AA,AND,AND,A' = A & B,B' = 1,1,0,1,0,10,00,11
12,4,1,10,"A→A,B→A",AA,AND,AND,A' = A & B,B' = 1,1,0,1,0,11,11,11
13,4,1,10,"A→A,B→A",AO,AND,OR,A' = A & B,B' = 0,1,0,1,0,00,00,00
13,4,1,10,"A→A,B→A",AO,AND,OR,A' = A & B,B' = 0,1,0,1,0,01,01,00
13,4,1,10,"A→A,B→A",AO,AND,OR,A' = A & B,B' = 0,1,0,1,0,10,00,10
13,4,1,10,"A→A,B→A",AO,AND,OR,A' = A & B,B' = 0,1,0,1,0,11,11,10
14,4,1,10,"A→A,B→A",OA,OR,AND,A' = A | B,B' = 1,1,0,1,0,00,00,01
14,4,1,10,"A→A,B→A",OA,OR,AND,A' = A | B,B' = 1,1,0,1,0,01,11,01
14,4,1,10,"A→A,B→A",OA,OR,AND,A' = A | B,B' = 1,1,0,1,0,10,10,11
14,4,1,10,"A→A,B→A",OA,OR,AND,A' = A | B,B' = 1,1,0,1,0,11,11,11
15,4,1,10,"A→A,B→A",OO,OR,OR,A' = A | B,B' = 0,1,0,1,0,00,00,00
15,4,1,10,"A→A,B→A",OO,OR,OR,A' = A | B,B' = 0,1,0,1,0,01,11,00
15,4,1,10,"A→A,B→A",OO,OR,OR,A' = A | B,B' = 0,1,0,1,0,10,10,10
15,4,1,10,"A→A,B→A",OO,OR,OR,A' = A | B,B' = 0,1,0,1,0,11,11,10
16,4,2,11,"A→A,B⊣A",AA,AND,AND,A' = A & !B,B' = 1,1,0,-1,0,00,00,01
16,4,2,11,"A→A,B⊣A",AA,AND,AND,A' = A & !B,B' = 1,1,0,-1,0,01,01,01
16,4,2,11,"A→A,B⊣A",AA,AND,AND,A' = A & !B,B' = 1,1,0,-1,0,10,10,11
16,4,2,11,"A→A,B⊣A",AA,AND,AND,A' = A & !B,B' = 1,1,0,-1,0,11,01,11
17,4,2,11,"A→A,B⊣A",AO,AND,OR,A' = A & !B,B' = 0,1,0,-1,0,00,00,00
17,4,2,11,"A→A,B⊣A",AO,AND,OR,A' = A & !B,B' = 0,1,0,-1,0,01,01,00
17,4,2,11,"A→A,B⊣A",AO,AND,OR,A' = A & !B,B' = 0,1,0,-1,0,10,10,10
17,4,2,11,"A→A,B⊣A",AO,AND,OR,A' = A & !B,B' = 0,1,0,-1,0,11,01,10
18,4,2,11,"A→A,B⊣A",OA,OR,AND,A' = A | !B,B' = 1,1,0,-1,0,00,10,01
18,4,2,11,"A→A,B⊣A",OA,OR,AND,A' = A | !B,B' = 1,1,0,-1,0,01,01,01
18,4,2,11,"A→A,B⊣A",OA,OR,AND,A' = A | !B,B' = 1,1,0,-1,0,10,10,11
18,4,2,11,"A→A,B⊣A",OA,OR,AND,A' = A | !B,B' = 1,1,0,-1,0,11,11,11
19,4,2,11,"A→A,B⊣A",OO,OR,OR,A' = A | !B,B' = 0,1,0,-1,0,00,10,00
19,4,2,11,"A→A,B⊣A",OO,OR,OR,A' = A | !B,B' = 0,1,0,-1,0,01,01,00
19,4,2,11,"A→A,B⊣A",OO,OR,OR,A' = A | !B,B' = 0,1,0,-1,0,10,10,10
19,4,2,11,"A→A,B⊣A",OO,OR,OR,A' = A | !B,B' = 0,1,0,-1,0,11,11,10
20,4,3,12,"A⊣A,B→A",AA,AND,AND,A' = !A & B,B' = 1,-1,0,1,0,00,00,01
20,4,3,12,"A⊣A,B→A",AA,AND,AND,A' = !A & B,B' = 1,-1,0,1,0,01,11,01
20,4,3,12,"A⊣A,B→A",AA,AND,AND,A' = !A & B,B' = 1,-1,0,1,0,10,00,11
20,4,3,12,"A⊣A,B→A",AA,AND,AND,A' = !A & B,B' = 1,-1,0,1,0,11,01,11
21,4,3,12,"A⊣A,B→A",AO,AND,OR,A' = !A & B,B' = 0,-1,0,1,0,00,00,00
21,4,3,12,"A⊣A,B→A",AO,AND,OR,A' = !A & B,B' = 0,-1,0,1,0,01,11,00
21,4,3,12,"A⊣A,B→A",AO,AND,OR,A' = !A & B,B' = 0,-1,0,1,0,10,00,10
21,4,3,12,"A⊣A,B→A",AO,AND,OR,A' = !A & B,B' = 0,-1,0,1,0,11,01,10
22,4,3,12,"A⊣A,B→A",OA,OR,AND,A' = !A | B,B' = 1,-1,0,1,0,00,10,01
22,4,3,12,"A⊣A,B→A",OA,OR,AND,A' = !A | B,B' = 1,-1,0,1,0,01,11,01
22,4,3,12,"A⊣A,B→A",OA,OR,AND,A' = !A | B,B' = 1,-1,0,1,0,10,00,11
22,4,3,12,"A⊣A,B→A",OA,OR,AND,A' = !A | B,B' = 1,-1,0,1,0,11,11,11
23,4,3,12,"A⊣A,B→A",OO,OR,OR,A' = !A | B,B' = 0,-1,0,1,0,00,10,00
23,4,3,12,"A⊣A,B→A",OO,OR,OR,A' = !A | B,B' = 0,-1,0,1,0,01,11,00
23,4,3,12,"A⊣A,B→A",OO,OR,OR,A' = !A | B,B' = 0,-1,0,1,0,10,00,10
23,4,3,12,"A⊣A,B→A",OO,OR,OR,A' = !A | B,B' = 0,-1,0,1,0,11,11,10
24,4,4,13,"A⊣A,B⊣A",AA,AND,AND,A' = !A & !B,B' = 1,-1,0,-1,0,00,10,01
24,4,4,13,"A⊣A,B⊣A",AA,AND,AND,A' = !A & !B,B' = 1,-1,0,-1,0,01,01,01
24,4,4,13,"A⊣A,B⊣A",AA,AND,AND,A' = !A & !B,B' = 1,-1,0,-1,0,10,00,11
24,4,4,13,"A⊣A,B⊣A",AA,AND,AND,A' = !A & !B,B' = 1,-1,0,-1,0,11,01,11
25,4,4,13,"A⊣A,B⊣A",AO,AND,OR,A' = !A & !B,B' = 0,-1,0,-1,0,00,10,00
25,4,4,13,"A⊣A,B⊣A",AO,AND,OR,A' = !A & !B,B' = 0,-1,0,-1,0,01,01,00
25,4,4,13,"A⊣A,B⊣A",AO,AND,OR,A' = !A & !B,B' = 0,-1,0,-1,0,10,00,10
25,4,4,13,"A⊣A,B⊣A",AO,AND,OR,A' = !A & !B,B' = 0,-1,0,-1,0,11,01,10
26,4,4,13,"A⊣A,B⊣A",OA,OR,AND,A' = !A | !B,B' = 1,-1,0,-1,0,00,10,01
26,4,4,13,"A⊣A,B⊣A",OA,OR,AND,A' = !A | !B,B' = 1,-1,0,-1,0,01,11,01
26,4,4,13,"A⊣A,B⊣A",OA,OR,AND,A' = !A | !B,B' = 1,-1,0,-1,0,10,10,11
26,4,4,13,"A⊣A,B⊣A",OA,OR,AND,A' = !A | !B,B' = 1,-1,0,-1,0,11,01,11
27,4,4,13,"A⊣A,B⊣A",OO,OR,OR,A' = !A | !B,B' = 0,-1,0,-1,0,00,10,00
27,4,4,13,"A⊣A,B⊣A",OO,OR,OR,A' = !A | !B,B' = 0,-1,0,-1,0,01,11,00
27,4,4,13,"A⊣A,B⊣A",OO,OR,OR,A' = !A | !B,B' = 0,-1,0,-1,0,10,10,10
27,4,4,13,"A⊣A,B⊣A",OO,OR,OR,A' = !A | !B,B' = 0,-1,0,-1,0,11,01,10
28,5,1,14,"A→A,A→B,B→A",AA,AND,AND,A' = A & B,B' = A,1,1,1,0,00,00,00
28,5,1,14,"A→A,A→B,B→A",AA,AND,AND,A' = A & B,B' = A,1,1,1,0,01,01,00
28,5,1,14,"A→A,A→B,B→A",AA,AND,AND,A' = A & B,B' = A,1,1,1,0,10,00,11
28,5,1,14,"A→A,A→B,B→A",AA,AND,AND,A' = A & B,B' = A,1,1,1,0,11,11,11
29,5,1,14,"A→A,A→B,B→A",OA,AND,OR,A' = A | B,B' = A,1,1,1,0,00,00,00
29,5,1,14,"A→A,A→B,B→A",OA,AND,OR,A' = A | B,B' = A,1,1,1,0,01,11,00
29,5,1,14,"A→A,A→B,B→A",OA,AND,OR,A' = A | B,B' = A,1,1,1,0,10,10,11
29,5,1,14,"A→A,A→B,B→A",OA,AND,OR,A' = A | B,B' = A,1,1,1,0,11,11,11
30,5,2,15,"A→A,A→B,B⊣A",AA,AND,AND,A' = A & !B,B' = A,1,1,-1,0,00,00,00
30,5,2,15,"A→A,A→B,B⊣A",AA,AND,AND,A' = A & !B,B' = A,1,1,-1,0,01,01,00
30,5,2,15,"A→A,A→B,B⊣A",AA,AND,AND,A' = A & !B,B' = A,1,1,-1,0,10,10,11
30,5,2,15,"A→A,A→B,B⊣A",AA,AND,AND,A' = A & !B,B' = A,1,1,-1,0,11,01,11
31,5,2,15,"A→A,A→B,B⊣A",OA,AND,OR,A' = A | !B,B' = A,1,1,-1,0,00,10,00
31,5,2,15,"A→A,A→B,B⊣A",OA,AND,OR,A' = A | !B,B' = A,1,1,-1,0,01,01,00
31,5,2,15,"A→A,A→B,B⊣A",OA,AND,OR,A' = A | !B,B' = A,1,1,-1,0,10,10,11
31,5,2,15,"A→A,A→B,B⊣A",OA,AND,OR,A' = A | !B,B' = A,1,1,-1,0,11,11,11
32,5,3,16,"A→A,A⊣B,B→A",AA,AND,AND,A' = A & B,B' = !A,1,-1,1,0,00,00,01
32,5,3,16,"A→A,A⊣B,B→A",AA,AND,AND,A' = A & B,B' = !A,1,-1,1,0,01,01,01
32,5,3,16,"A→A,A⊣B,B→A",AA,AND,AND,A' = A & B,B' = !A,1,-1,1,0,10,00,10
32,5,3,16,"A→A,A⊣B,B→A",AA,AND,AND,A' = A & B,B' = !A,1,-1,1,0,11,11,10
33,5,3,16,"A→A,A⊣B,B→A",OA,AND,OR,A' = A | B,B' = !A,1,-1,1,0,00,00,01
33,5,3,16,"A→A,A⊣B,B→A",OA,AND,OR,A' = A | B,B' = !A,1,-1,1,0,01,11,01
33,5,3,16,"A→A,A⊣B,B→A",OA,AND,OR,A' = A | B,B' = !A,1,-1,1,0,10,10,10
33,5,3,16,"A→A,A⊣B,B→A",OA,AND,OR,A' = A | B,B' = !A,1,-1,1,0,11,11,10
34,5,4,17,"A→A,A⊣B,B⊣A",AA,AND,AND,A' = A & !B,B' = !A,1,-1,-1,0,00,00,01
34,5,4,17,"A→A,A⊣B,B⊣A",AA,AND,AND,A' = A & !B,B' = !A,1,-1,-1,0,01,01,01
34,5,4,17,"A→A,A⊣B,B⊣A",AA,AND,AND,A' = A & !B,B' = !A,1,-1,-1,0,10,10,10
34,5,4,17,"A→A,A⊣B,B⊣A",AA,AND,AND,A' = A & !B,B' = !A,1,-1,-1,0,11,01,10
35,5,4,17,"A→A,A⊣B,B⊣A",OA,AND,OR,A' = A | !B,B' = !A,1,-1,-1,0,00,10,01
35,5,4,17,"A→A,A⊣B,B⊣A",OA,AND,OR,A' = A | !B,B' = !A,1,-1,-1,0,01,01,01
35,5,4,17,"A→A,A⊣B,B⊣A",OA,AND,OR,A' = A | !B,B' = !A,1,-1,-1,0,10,10,10
35,5,4,17,"A→A,A⊣B,B⊣A",OA,AND,OR,A' = A | !B,B' = !A,1,-1,-1,0,11,11,10
36,5,5,18,"A⊣A,A→B,B→A",AA,AND,AND,A' = !A & B,B' = A,-1,1,1,0,00,00,00
36,5,5,18,"A⊣A,A→B,B→A",AA,AND,AND,A' = !A & B,B' = A,-1,1,1,0,01,11,00
36,5,5,18,"A⊣A,A→B,B→A",AA,AND,AND,A' = !A & B,B' = A,-1,1,1,0,10,00,11
36,5,5,18,"A⊣A,A→B,B→A",AA,AND,AND,A' = !A & B,B' = A,-1,1,1,0,11,01,11
37,5,5,18,"A⊣A,A→B,B→A",OA,AND,OR,A' = !A | B,B' = A,-1,1,1,0,00,10,00
37,5,5,18,"A⊣A,A→B,B→A",OA,AND,OR,A' = !A | B,B' = A,-1,1,1,0,01,11,00
37,5,5,18,"A⊣A,A→B,B→A",OA,AND,OR,A' = !A | B,B' = A,-1,1,1,0,10,00,11
37,5,5,18,"A⊣A,A→B,B→A",OA,AND,OR,A' = !A | B,B' = A,-1,1,1,0,11,11,11
38,5,6,19,"A⊣A,A→B,B⊣A",AA,AND,AND,A' = !A & !B,B' = A,-1,1,-1,0,00,10,00
38,5,6,19,"A⊣A,A→B,B⊣A",AA,AND,AND,A' = !A & !B,B' = A,-1,1,-1,0,01,01,00
38,5,6,19,"A⊣A,A→B,B⊣A",AA,AND,AND,A' = !A & !B,B' = A,-1,1,-1,0,10,00,11
38,5,6,19,"A⊣A,A→B,B⊣A",AA,AND,AND,A' = !A & !B,B' = A,-1,1,-1,0,11,01,11
39,5,6,19,"A⊣A,A→B,B⊣A",OA,AND,OR,A' = !A | !B,B' = A,-1,1,-1,0,00,10,00
39,5,6,19,"A⊣A,A→B,B⊣A",OA,AND,OR,A' = !A | !B,B' = A,-1,1,-1,0,01,11,00
39,5,6,19,"A⊣A,A→B,B⊣A",OA,AND,OR,A' = !A | !B,B' = A,-1,1,-1,0,10,10,11
39,5,6,19,"A⊣A,A→B,B⊣A",OA,AND,OR,A' = !A | !B,B' = A,-1,1,-1,0,11,01,11
40,5,7,20,"A⊣A,A⊣B,B→A",AA,AND,AND,A' = !A & B,B' = !A,-1,-1,1,0,00,00,01
40,5,7,20,"A⊣A,A⊣B,B→A",AA,AND,AND,A' = !A & B,B' = !A,-1,-1,1,0,01,11,01
40,5,7,20,"A⊣A,A⊣B,B→A",AA,AND,AND,A' = !A & B,B' = !A,-1,-1,1,0,10,00,10
40,5,7,20,"A⊣A,A⊣B,B→A",AA,AND,AND,A' = !A & B,B' = !A,-1,-1,1,0,11,01,10
41,5,7,20,"A⊣A,A⊣B,B→A",OA,AND,OR,A' = !A | B,B' = !A,-1,-1,1,0,00,10,01
41,5,7,20,"A⊣A,A⊣B,B→A",OA,AND,OR,A' = !A | B,B' = !A,-1,-1,1,0,01,11,01
41,5,7,20,"A⊣A,A⊣B,B→A",OA,AND,OR,A' = !A | B,B' = !A,-1,-1,1,0,10,00,10
41,5,7,20,"A⊣A,A⊣B,B→A",OA,AND,OR,A' = !A | B,B' = !A,-1,-1,1,0,11,11,10
42,5,8,21,"A⊣A,A⊣B,B⊣A",AA,AND,AND,A' = !A & !B,B' = !A,-1,-1,-1,0,00,10,01
42,5,8,21,"A⊣A,A⊣B,B⊣A",AA,AND,AND,A' = !A & !B,B' = !A,-1,-1,-1,0,01,01,01
42,5,8,21,"A⊣A,A⊣B,B⊣A",AA,AND,AND,A' = !A & !B,B' = !A,-1,-1,-1,0,10,00,10
42,5,8,21,"A⊣A,A⊣B,B⊣A",AA,AND,AND,A' = !A & !B,B' = !A,-1,-1,-1,0,11,01,10
43,5,8,21,"A⊣A,A⊣B,B⊣A",OA,AND,OR,A' = !A | !B,B' = !A,-1,-1,-1,0,00,10,01
43,5,8,21,"A⊣A,A⊣B,B⊣A",OA,AND,OR,A' = !A | !B,B' = !A,-1,-1,-1,0,01,11,01
43,5,8,21,"A⊣A,A⊣B,B⊣A",OA,AND,OR,A' = !A | !B,B' = !A,-1,-1,-1,0,10,10,10
43,5,8,21,"A⊣A,A⊣B,B⊣A",OA,AND,OR,A' = !A | !B,B' = !A,-1,-1,-1,0,11,01,10
44,6,1,22,"A→A,B→B,A→B",AA,AND,AND,A' = A & B,B' = B,1,0,1,1,00,00,00
44,6,1,22,"A→A,B→B,A→B",AA,AND,AND,A' = A & B,B' = B,1,0,1,1,01,01,01
44,6,1,22,"A→A,B→B,A→B",AA,AND,AND,A' = A & B,B' = B,1,0,1,1,10,00,10
44,6,1,22,"A→A,B→B,A→B",AA,AND,AND,A' = A & B,B' = B,1,0,1,1,11,11,11
45,6,1,22,"A→A,B→B,A→B",OA,AND,OR,A' = A | B,B' = B,1,0,1,1,00,00,00
45,6,1,22,"A→A,B→B,A→B",OA,AND,OR,A' = A | B,B' = B,1,0,1,1,01,11,01
45,6,1,22,"A→A,B→B,A→B",OA,AND,OR,A' = A | B,B' = B,1,0,1,1,10,10,10
45,6,1,22,"A→A,B→B,A→B",OA,AND,OR,A' = A | B,B' = B,1,0,1,1,11,11,11
46,6,2,23,"A→A,B→B,A⊣B",AA,AND,AND,A' = A & !B,B' = B,1,0,-1,1,00,00,00
46,6,2,23,"A→A,B→B,A⊣B",AA,AND,AND,A' = A & !B,B' = B,1,0,-1,1,01,01,01
46,6,2,23,"A→A,B→B,A⊣B",AA,AND,AND,A' = A & !B,B' = B,1,0,-1,1,10,10,10
46,6,2,23,"A→A,B→B,A⊣B",AA,AND,AND,A' = A & !B,B' = B,1,0,-1,1,11,01,11
47,6,2,23,"A→A,B→B,A⊣B",OA,AND,OR,A' = A | !B,B' = B,1,0,-1,1,00,10,00
47,6,2,23,"A→A,B→B,A⊣B",OA,AND,OR,A' = A | !B,B' = B,1,0,-1,1,01,01,01
47,6,2,23,"A→A,B→B,A⊣B",OA,AND,OR,A' = A | !B,B' = B,1,0,-1,1,10,10,10
47,6,2,23,"A→A,B→B,A⊣B",OA,AND,OR,A' = A | !B,B' = B,1,0,-1,1,11,11,11
48,6,3,24,"A→A,B⊣B,A→B",AA,AND,AND,A' = A & B,B' = !B,1,0,1,-1,00,00,01
48,6,3,24,"A→A,B⊣B,A→B",AA,AND,AND,A' = A & B,B' = !B,1,0,1,-1,01,01,00
48,6,3,24,"A→A,B⊣B,A→B",AA,AND,AND,A' = A & B,B' = !B,1,0,1,-1,10,00,11
48,6,3,24,"A→A,B⊣B,A→B",AA,AND,AND,A' = A & B,B' = !B,1,0,1,-1,11,11,10
49,6,3,24,"A→A,B⊣B,A→B",OA,AND,OR,A' = A | B,B' = !B,1,0,1,-1,00,00,01
49,6,3,24,"A→A,B⊣B,A→B",OA,AND,OR,A' = A | B,B' = !B,1,0,1,-1,01,11,00
49,6,3,24,"A→A,B⊣B,A→B",OA,AND,OR,A' = A | B,B' = !B,1,0,1,-1,10,10,11
49,6,3,24,"A→A,B⊣B,A→B",OA,AND,OR,A' = A | B,B' = !B,1,0,1,-1,11,11,10
50,6,4,25,"A→A,B⊣B,A⊣B",AA,AND,AND,A' = !A & !B,B' = B,-1,0,-1,1,00,10,00
50,6,4,25,"A→A,B⊣B,A⊣B",AA,AND,AND,A' = !A & !B,B' = B,-1,0,-1,1,01,01,01
50,6,4,25,"A→A,B⊣B,A⊣B",AA,AND,AND,A' = !A & !B,B' = B,-1,0,-1,1,10,00,10
50,6,4,25,"A→A,B⊣B,A⊣B",AA,AND,AND,A' = !A & !B,B' = B,-1,0,-1,1,11,01,11
51,6,4,25,"A→A,B⊣B,A⊣B",OA,AND,OR,A' = !A | !B,B' = B,-1,0,-1,1,00,10,00
51,6,4,25,"A→A,B⊣B,A⊣B",OA,AND,OR,A' = !A | !B,B' = B,-1,0,-1,1,01,11,01
51,6,4,25,"A→A,B⊣B,A⊣B",OA,AND,OR,A' = !A | !B,B' = B,-1,0,-1,1,10,10,10
51,6,4,25,"A→A,B⊣B,A⊣B",OA,AND,OR,A' = !A | !B,B' = B,-1,0,-1,1,11,01,11
52,6,5,26,"A⊣A,B→B,A→B",AA,AND,AND,A' = !A & B,B' = B,-1,0,1,1,00,00,00
52,6,5,26,"A⊣A,B→B,A→B",AA,AND,AND,A' = !A & B,B' = B,-1,0,1,1,01,11,01
52,6,5,26,"A⊣A,B→B,A→B",AA,AND,AND,A' = !A & B,B' = B,-1,0,1,1,10,00,10
52,6,5,26,"A⊣A,B→B,A→B",AA,AND,AND,A' = !A & B,B' = B,-1,0,1,1,11,01,11
53,6,5,26,"A⊣A,B→B,A→B",OA,AND,OR,A' = !A | B,B' = B,-1,0,1,1,00,10,00
53,6,5,26,"A⊣A,B→B,A→B",OA,AND,OR,A' = !A | B,B' = B,-1,0,1,1,01,11,01
53,6,5,26,"A⊣A,B→B,A→B",OA,AND,OR,A' = !A | B,B' = B,-1,0,1,1,10,00,10
53,6,5,26,"A⊣A,B→B,A→B",OA,AND,OR,A' = !A | B,B' = B,-1,0,1,1,11,11,11
54,6,6,27,"A⊣A,B→B,A⊣B",AA,AND,AND,A' = A & !B,B' = !B,1,0,-1,-1,00,00,01
54,6,6,27,"A⊣A,B→B,A⊣B",AA,AND,AND,A' = A & !B,B' = !B,1,0,-1,-1,01,01,00
54,6,6,27,"A⊣A,B→B,A⊣B",AA,AND,AND,A' = A & !B,B' = !B,1,0,-1,-1,10,10,11
54,6,6,27,"A⊣A,B→B,A⊣B",AA,AND,AND,A' = A & !B,B' = !B,1,0,-1,-1,11,01,10
55,6,6,27,"A⊣A,B→B,A⊣B",OA,AND,OR,A' = A | !B,B' = !B,1,0,-1,-1,00,10,01
55,6,6,27,"A⊣A,B→B,A⊣B",OA,AND,OR,A' = A | !B,B' = !B,1,0,-1,-1,01,01,00
55,6,6,27,"A⊣A,B→B,A⊣B",OA,AND,OR,A' = A | !B,B' = !B,1,0,-1,-1,10,10,11
55,6,6,27,"A⊣A,B→B,A⊣B",OA,AND,OR,A' = A | !B,B' = !B,1,0,-1,-1,11,11,10
56,6,7,28,"A⊣A,B⊣B,A→B",AA,AND,AND,A' = !A & B,B' = !B,-1,0,1,-1,00,00,01
56,6,7,28,"A⊣A,B⊣B,A→B",AA,AND,AND,A' = !A & B,B' = !B,-1,0,1,-1,01,11,00
56,6,7,28,"A⊣A,B⊣B,A→B",AA,AND,AND,A' = !A & B,B' = !B,-1,0,1,-1,10,00,11
56,6,7,28,"A⊣A,B⊣B,A→B",AA,AND,AND,A' = !A & B,B' = !B,-1,0,1,-1,11,01,10
57,6,7,28,"A⊣A,B⊣B,A→B",OA,AND,OR,A' = !A | B,B' = !B,-1,0,1,-1,00,10,01
57,6,7,28,"A⊣A,B⊣B,A→B",OA,AND,OR,A' = !A | B,B' = !B,-1,0,1,-1,01,11,00
57,6,7,28,"A⊣A,B⊣B,A→B",OA,AND,OR,A' = !A | B,B' = !B,-1,0,1,-1,10,00,11
57,6,7,28,"A⊣A,B⊣B,A→B",OA,AND,OR,A' = !A | B,B' = !B,-1,0,1,-1,11,11,10
58,6,8,29,"A⊣A,B⊣B,A⊣B",AA,AND,AND,A' = !A & !B,B' = !B,-1,0,-1,-1,00,10,01
58,6,8,29,"A⊣A,B⊣B,A⊣B",AA,AND,AND,A' = !A & !B,B' = !B,-1,0,-1,-1,01,01,00
58,6,8,29,"A⊣A,B⊣B,A⊣B",AA,AND,AND,A' = !A & !B,B' = !B,-1,0,-1,-1,10,00,11
58,6,8,29,"A⊣A,B⊣B,A⊣B",AA,AND,AND,A' = !A & !B,B' = !B,-1,0,-1,-1,11,01,10
59,6,8,29,"A⊣A,B⊣B,A⊣B",OA,AND,OR,A' = !A | !B,B' = !B,-1,0,-1,-1,00,10,01
59,6,8,29,"A⊣A,B⊣B,A⊣B",OA,AND,OR,A' = !A | !B,B' = !B,-1,0,-1,-1,01,11,00
59,6,8,29,"A⊣A,B⊣B,A⊣B",OA,AND,OR,A' = !A | !B,B' = !B,-1,0,-1,-1,10,10,11
59,6,8,29,"A⊣A,B⊣B,A⊣B",OA,AND,OR,A' = !A | !B,B' = !B,-1,0,-1,-1,11,01,10
60,7,1,30,"A→A,B→B,A→B,B→A",AA,AND,AND,A' = A & B,B' = B & A,1,1,1,1,00,00,00
60,7,1,30,"A→A,B→B,A→B,B→A",AA,AND,AND,A' = A & B,B' = B & A,1,1,1,1,01,01,00
60,7,1,30,"A→A,B→B,A→B,B→A",AA,AND,AND,A' = A & B,B' = B & A,1,1,1,1,10,00,10
60,7,1,30,"A→A,B→B,A→B,B→A",AA,AND,AND,A' = A & B,B' = B & A,1,1,1,1,11,11,11
61,7,1,30,"A→A,B→B,A→B,B→A",OA,AND,OR,A' = A | B,B' = B & A,1,1,1,1,00,00,00
61,7,1,30,"A→A,B→B,A→B,B→A",OA,AND,OR,A' = A | B,B' = B & A,1,1,1,1,01,11,00
61,7,1,30,"A→A,B→B,A→B,B→A",OA,AND,OR,A' = A | B,B' = B & A,1,1,1,1,10,10,10
61,7,1,30,"A→A,B→B,A→B,B→A",OA,AND,OR,A' = A | B,B' = B & A,1,1,1,1,11,11,11
62,7,1,30,"A→A,B→B,A→B,B→A",OO,OR,OR,A' = A | B,B' = B | A,1,1,1,1,00,00,00
62,7,1,30,"A→A,B→B,A→B,B→A",OO,OR,OR,A' = A | B,B' = B | A,1,1,1,1,01,11,01
62,7,1,30,"A→A,B→B,A→B,B→A",OO,OR,OR,A' = A | B,B' = B | A,1,1,1,1,10,10,11
62,7,1,30,"A→A,B→B,A→B,B→A",OO,OR,OR,A' = A | B,B' = B | A,1,1,1,1,11,11,11
63,7,2,31,"A→A,B→B,A→B,B⊣A",AA,AND,AND,A' = A & !B,B' = B & A,1,1,-1,1,00,00,00
63,7,2,31,"A→A,B→B,A→B,B⊣A",AA,AND,AND,A' = A & !B,B' = B & A,1,1,-1,1,01,01,00
63,7,2,31,"A→A,B→B,A→B,B⊣A",AA,AND,AND,A' = A & !B,B' = B & A,1,1,-1,1,10,10,10
63,7,2,31,"A→A,B→B,A→B,B⊣A",AA,AND,AND,A' = A & !B,B' = B & A,1,1,-1,1,11,01,11
64,7,2,31,"A→A,B→B,A→B,B⊣A",OA,AND,OR,A' = A | !B,B' = B & A,1,1,-1,1,00,10,00
64,7,2,31,"A→A,B→B,A→B,B⊣A",OA,AND,OR,A' = A | !B,B' = B & A,1,1,-1,1,01,01,00
64,7,2,31,"A→A,B→B,A→B,B⊣A",OA,AND,OR,A' = A | !B,B' = B & A,1,1,-1,1,10,10,10
64,7,2,31,"A→A,B→B,A→B,B⊣A",OA,AND,OR,A' = A | !B,B' = B & A,1,1,-1,1,11,11,11
65,7,2,31,"A→A,B→B,A→B,B⊣A",OO,OR,OR,A' = A | !B,B' = B | A,1,1,-1,1,00,10,00
65,7,2,31,"A→A,B→B,A→B,B⊣A",OO,OR,OR,A' = A | !B,B' = B | A,1,1,-1,1,01,01,01
65,7,2,31,"A→A,B→B,A→B,B⊣A",OO,OR,OR,A' = A | !B,B' = B | A,1,1,-1,1,10,10,11
65,7,2,31,"A→A,B→B,A→B,B⊣A",OO,OR,OR,A' = A | !B,B' = B | A,1,1,-1,1,11,11,11
66,7,3,32,"A→A,B→B,A⊣B,B⊣A",AA,AND,AND,A' = A & !B,B' = B & !A,1,-1,-1,1,00,00,00
66,7,3,32,"A→A,B→B,A⊣B,B⊣A",AA,AND,AND,A' = A & !B,B' = B & !A,1,-1,-1,1,01,01,01
66,7,3,32,"A→A,B→B,A⊣B,B⊣A",AA,AND,AND,A' = A & !B,B' = B & !A,1,-1,-1,1,10,10,10
66,7,3,32,"A→A,B→B,A⊣B,B⊣A",AA,AND,AND,A' = A & !B,B' = B & !A,1,-1,-1,1,11,01,10
67,7,3,32,"A→A,B→B,A⊣B,B⊣A",OA,AND,OR,A' = A | !B,B' = B & !A,1,-1,-1,1,00,10,00
67,7,3,32,"A→A,B→B,A⊣B,B⊣A",OA,AND,OR,A' = A | !B,B' = B & !A,1,-1,-1,1,01,01,01
67,7,3,32,"A→A,B→B,A⊣B,B⊣A",OA,AND,OR,A' = A | !B,B' = B & !A,1,-1,-1,1,10,10,10
67,7,3,32,"A→A,B→B,A⊣B,B⊣A",OA,AND,OR,A' = A | !B,B' = B & !A,1,-1,-1,1,11,11,10
68,7,3,32,"A→A,B→B,A⊣B,B⊣A",OO,OR,OR,A' = A | !B,B' = B | !A,1,-1,-1,1,00,10,01
68,7,3,32,"A→A,B→B,A⊣B,B⊣A",OO,OR,OR,A' = A | !B,B' = B | !A,1,-1,-1,1,01,01,01
68,7,3,32,"A→A,B→B,A⊣B,B⊣A",OO,OR,OR,A' = A | !B,B' = B | !A,1,-1,-1,1,10,10,10
68,7,3,32,"A→A,B→B,A⊣B,B⊣A",OO,OR,OR,A' = A | !B,B' = B | !A,1,-1,-1,1,11,11,11
69,7,4,33,"A→A,B⊣B,A→B,B⊣A",AA,AND,AND,A' = A & !B,B' = !B & A,1,1,-1,-1,00,00,00
69,7,4,33,"A→A,B⊣B,A→B,B⊣A",AA,AND,AND,A' = A & !B,B' = !B & A,1,1,-1,-1,01,01,00
69,7,4,33,"A→A,B⊣B,A→B,B⊣A",AA,AND,AND,A' = A & !B,B' = !B & A,1,1,-1,-1,10,10,11
69,7,4,33,"A→A,B⊣B,A→B,B⊣A",AA,AND,AND,A' = A & !B,B' = !B & A,1,1,-1,-1,11,01,10
70,7,4,33,"A→A,B⊣B,A→B,B⊣A",OA,AND,OR,A' = A | !B,B' = !B & A,1,1,-1,-1,00,10,00
70,7,4,33,"A→A,B⊣B,A→B,B⊣A",OA,AND,OR,A' = A | !B,B' = !B & A,1,1,-1,-1,01,01,00
70,7,4,33,"A→A,B⊣B,A→B,B⊣A",OA,AND,OR,A' = A | !B,B' = !B & A,1,1,-1,-1,10,10,11
70,7,4,33,"A→A,B⊣B,A→B,B⊣A",OA,AND,OR,A' = A | !B,B' = !B & A,1,1,-1,-1,11,11,10
71,7,4,33,"A→A,B⊣B,A→B,B⊣A",OO,OR,OR,A' = A | !B,B' = !B | A,1,1,-1,-1,00,10,01
71,7,4,33,"A→A,B⊣B,A→B,B⊣A",OO,OR,OR,A' = A | !B,B' = !B | A,1,1,-1,-1,01,01,00
71,7,4,33,"A→A,B⊣B,A→B,B⊣A",OO,OR,OR,A' = A | !B,B' = !B | A,1,1,-1,-1,10,10,11
71,7,4,33,"A→A,B⊣B,A→B,B⊣A",OO,OR,OR,A' = A | !B,B' = !B | A,1,1,-1,-1,11,11,11
72,7,5,34,"A→A,B⊣B,A⊣B,B→A",AA,AND,AND,A' = A & B,B' = !B & !A,1,-1,1,-1,00,00,01
72,7,5,34,"A→A,B⊣B,A⊣B,B→A",AA,AND,AND,A' = A & B,B' = !B & !A,1,-1,1,-1,01,01,00
72,7,5,34,"A→A,B⊣B,A⊣B,B→A",AA,AND,AND,A' = A & B,B' = !B & !A,1,-1,1,-1,10,00,10
72,7,5,34,"A→A,B⊣B,A⊣B,B→A",AA,AND,AND,A' = A & B,B' = !B & !A,1,-1,1,-1,11,11,10
73,7,5,34,"A→A,B⊣B,A⊣B,B→A",OA,AND,OR,A' = A | B,B' = !B & !A,1,-1,1,-1,00,00,01
73,7,5,34,"A→A,B⊣B,A⊣B,B→A",OA,AND,OR,A' = A | B,B' = !B & !A,1,-1,1,-1,01,11,00
73,7,5,34,"A→A,B⊣B,A⊣B,B→A",OA,AND,OR,A' = A | B,B' = !B & !A,1,-1,1,-1,10,10,10
73,7,5,34,"A→A,B⊣B,A⊣B,B→A",OA,AND,OR,A' = A | B,B' = !B & !A,1,-1,1,-1,11,11,10
74,7,5,34,"A→A,B⊣B,A⊣B,B→A",OO,OR,OR,A' = A | B,B' = !B | !A,1,-1,1,-1,00,00,01
74,7,5,34,"A→A,B⊣B,A⊣B,B→A",OO,OR,OR,A' = A | B,B' = !B | !A,1,-1,1,-1,01,11,01
74,7,5,34,"A→A,B⊣B,A⊣B,B→A",OO,OR,OR,A' = A | B,B' = !B | !A,1,-1,1,-1,10,10,11
74,7,5,34,"A→A,B⊣B,A⊣B,B→A",OO,OR,OR,A' = A | B,B' = !B | !A,1,-1,1,-1,11,11,10
75,7,6,35,"A→A,B⊣B,A⊣B,B⊣A",AA,AND,AND,A' = A & !B,B' = !B & !A,1,-1,-1,-1,00,00,01
75,7,6,35,"A→A,B⊣B,A⊣B,B⊣A",AA,AND,AND,A' = A & !B,B' = !B & !A,1,-1,-1,-1,01,01,00
75,7,6,35,"A→A,B⊣B,A⊣B,B⊣A",AA,AND,AND,A' = A & !B,B' = !B & !A,1,-1,-1,-1,10,10,10
75,7,6,35,"A→A,B⊣B,A⊣B,B⊣A",AA,AND,AND,A' = A & !B,B' = !B & !A,1,-1,-1,-1,11,01,10
76,7,6,35,"A→A,B⊣B,A⊣B,B⊣A",OA,AND,OR,A' = A | !B,B' = !B & !A,1,-1,-1,-1,00,10,01
76,7,6,35,"A→A,B⊣B,A⊣B,B⊣A",OA,AND,OR,A' = A | !B,B' = !B & !A,1,-1,-1,-1,01,01,00
76,7,6,35,"A→A,B⊣B,A⊣B,B⊣A",OA,AND,OR,A' = A | !B,B' = !B & !A,1,-1,-1,-1,10,10,10
76,7,6,35,"A→A,B⊣B,A⊣B,B⊣A",OA,AND,OR,A' = A | !B,B' = !B & !A,1,-1,-1,-1,11,11,10
77,7,6,35,"A→A,B⊣B,A⊣B,B⊣A",OO,OR,OR,A' = A | !B,B' = !B | !A,1,-1,-1,-1,00,10,01
77,7,6,35,"A→A,B⊣B,A⊣B,B⊣A",OO,OR,OR,A' = A | !B,B' = !B | !A,1,-1,-1,-1,01,01,01
77,7,6,35,"A→A,B⊣B,A⊣B,B⊣A",OO,OR,OR,A' = A | !B,B' = !B | !A,1,-1,-1,-1,10,10,11
77,7,6,35,"A→A,B⊣B,A⊣B,B⊣A",OO,OR,OR,A' = A | !B,B' = !B | !A,1,-1,-1,-1,11,11,10
78,7,7,36,"A⊣A,B→B,A→B,B→A",AA,AND,AND,A' = !A & B,B' = B & A,-1,1,1,1,00,00,00
78,7,7,36,"A⊣A,B→B,A→B,B→A",AA,AND,AND,A' = !A & B,B' = B & A,-1,1,1,1,01,11,00
78,7,7,36,"A⊣A,B→B,A→B,B→A",AA,AND,AND,A' = !A & B,B' = B & A,-1,1,1,1,10,00,10
78,7,7,36,"A⊣A,B→B,A→B,B→A",AA,AND,AND,A' = !A & B,B' = B & A,-1,1,1,1,11,01,11
79,7,7,36,"A⊣A,B→B,A→B,B→A",OA,AND,OR,A' = !A | B,B' = B & A,-1,1,1,1,00,10,00
79,7,7,36,"A⊣A,B→B,A→B,B→A",OA,AND,OR,A' = !A | B,B' = B & A,-1,1,1,1,01,11,00
79,7,7,36,"A⊣A,B→B,A→B,B→A",OA,AND,OR,A' = !A | B,B' = B & A,-1,1,1,1,10,00,10
79,7,7,36,"A⊣A,B→B,A→B,B→A",OA,AND,OR,A' = !A | B,B' = B & A,-1,1,1,1,11,11,11
80,7,7,36,"A⊣A,B→B,A→B,B→A",OO,OR,OR,A' = !A | B,B' = B | A,-1,1,1,1,00,10,00
80,7,7,36,"A⊣A,B→B,A→B,B→A",OO,OR,OR,A' = !A | B,B' = B | A,-1,1,1,1,01,11,01
80,7,7,36,"A⊣A,B→B,A→B,B→A",OO,OR,OR,A' = !A | B,B' = B | A,-1,1,1,1,10,00,11
80,7,7,36,"A⊣A,B→B,A→B,B→A",OO,OR,OR,A' = !A | B,B' = B | A,-1,1,1,1,11,11,11
81,7,8,37,"A⊣A,B⊣B,A→B,B→A",AA,AND,AND,A' = !A & B,B' = !B & A,-1,1,1,-1,00,00,00
81,7,8,37,"A⊣A,B⊣B,A→B,B→A",AA,AND,AND,A' = !A & B,B' = !B & A,-1,1,1,-1,01,11,00
81,7,8,37,"A⊣A,B⊣B,A→B,B→A",AA,AND,AND,A' = !A & B,B' = !B & A,-1,1,1,-1,10,00,11
81,7,8,37,"A⊣A,B⊣B,A→B,B→A",AA,AND,AND,A' = !A & B,B' = !B & A,-1,1,1,-1,11,01,10
82,7,8,37,"A⊣A,B⊣B,A→B,B→A",OA,AND,OR,A' = !A | B,B' = !B & A,-1,1,1,-1,00,10,00
82,7,8,37,"A⊣A,B⊣B,A→B,B→A",OA,AND,OR,A' = !A | B,B' = !B & A,-1,1,1,-1,01,11,00
82,7,8,37,"A⊣A,B⊣B,A→B,B→A",OA,AND,OR,A' = !A | B,B' = !B & A,-1,1,1,-1,10,00,11
82,7,8,37,"A⊣A,B⊣B,A→B,B→A",OA,AND,OR,A' = !A | B,B' = !B & A,-1,1,1,-1,11,11,10
83,7,8,37,"A⊣A,B⊣B,A→B,B→A",OO,OR,OR,A' = !A | B,B' = !B | A,-1,1,1,-1,00,10,01
83,7,8,37,"A⊣A,B⊣B,A→B,B→A",OO,OR,OR,A' = !A | B,B' = !B | A,-1,1,1,-1,01,11,00
83,7,8,37,"A⊣A,B⊣B,A→B,B→A",OO,OR,OR,A' = !A | B,B' = !B | A,-1,1,1,-1,10,00,11
83,7,8,37,"A⊣A,B⊣B,A→B,B→A",OO,OR,OR,A' = !A | B,B' = !B | A,-1,1,1,-1,11,11,11
84,7,9,38,"A⊣A,B⊣B,A→B,B⊣A",AA,AND,AND,A' = !A & !B,B' = !B & A,-1,1,-1,-1,00,10,00
84,7,9,38,"A⊣A,B⊣B,A→B,B⊣A",AA,AND,AND,A' = !A & !B,B' = !B & A,-1,1,-1,-1,01,01,00
84,7,9,38,"A⊣A,B⊣B,A→B,B⊣A",AA,AND,AND,A' = !A & !B,B' = !B & A,-1,1,-1,-1,10,00,11
84,7,9,38,"A⊣A,B⊣B,A→B,B⊣A",AA,AND,AND,A' = !A & !B,B' = !B & A,-1,1,-1,-1,11,01,10
85,7,9,38,"A⊣A,B⊣B,A→B,B⊣A",OA,AND,OR,A' = !A | !B,B' = !B & A,-1,1,-1,-1,00,10,00
85,7,9,38,"A⊣A,B⊣B,A→B,B⊣A",OA,AND,OR,A' = !A | !B,B' = !B & A,-1,1,-1,-1,01,11,00
85,7,9,38,"A⊣A,B⊣B,A→B,B⊣A",OA,AND,OR,A' = !A | !B,B' = !B & A,-1,1,-1,-1,10,10,11
85,7,9,38,"A⊣A,B⊣B,A→B,B⊣A",OA,AND,OR,A' = !A | !B,B' = !B & A,-1,1,-1,-1,11,01,10
86,7,9,38,"A⊣A,B⊣B,A→B,B⊣A",OO,OR,OR,A' = !A | !B,B' = !B | A,-1,1,-1,-1,00,10,01
86,7,9,38,"A⊣A,B⊣B,A→B,B⊣A",OO,OR,OR,A' = !A | !B,B' = !B | A,-1,1,-1,-1,01,11,00
86,7,9,38,"A⊣A,B⊣B,A→B,B⊣A",OO,OR,OR,A' = !A | !B,B' = !B | A,-1,1,-1,-1,10,10,11
86,7,9,38,"A⊣A,B⊣B,A→B,B⊣A",OO,OR,OR,A' = !A | !B,B' = !B | A,-1,1,-1,-1,11,01,11
87,7,10,39,"A⊣A,B⊣B,A⊣B,B⊣A",AA,AND,AND,A' = !A & !B,B' = !B & !A,-1,-1,-1,-1,00,10,01
87,7,10,39,"A⊣A,B⊣B,A⊣B,B⊣A",AA,AND,AND,A' = !A & !B,B' = !B & !A,-1,-1,-1,-1,01,01,00
87,7,10,39,"A⊣A,B⊣B,A⊣B,B⊣A",AA,AND,AND,A' = !A & !B,B' = !B & !A,-1,-1,-1,-1,10,00,10
87,7,10,39,"A⊣A,B⊣B,A⊣B,B⊣A",AA,AND,AND,A' = !A & !B,B' = !B & !A,-1,-1,-1,-1,11,01,10
88,7,10,39,"A⊣A,B⊣B,A⊣B,B⊣A",OA,AND,OR,A' = !A | !B,B' = !B & !A,-1,-1,-1,-1,00,10,01
88,7,10,39,"A⊣A,B⊣B,A⊣B,B⊣A",OA,AND,OR,A' = !A | !B,B' = !B & !A,-1,-1,-1,-1,01,11,00
88,7,10,39,"A⊣A,B⊣B,A⊣B,B⊣A",OA,AND,OR,A' = !A | !B,B' = !B & !A,-1,-1,-1,-1,10,10,10
88,7,10,39,"A⊣A,B⊣B,A⊣B,B⊣A",OA,AND,OR,A' = !A | !B,B' = !B & !A,-1,-1,-1,-1,11,01,10
89,7,10,39,"A⊣A,B⊣B,A⊣B,B⊣A",OO,OR,OR,A' = !A | !B,B' = !B | !A,-1,-1,-1,-1,00,10,01
89,7,10,39,"A⊣A,B⊣B,A⊣B,B⊣A",OO,OR,OR,A' = !A | !B,B' = !B | !A,-1,-1,-1,-1,01,11,01
89,7,10,39,"A⊣A,B⊣B,A⊣B,B⊣A",OO,OR,OR,A' = !A | !B,B' = !B | !A,-1,-1,-1,-1,10,10,11
89,7,10,39,"A⊣A,B⊣B,A⊣B,B⊣A",OO,OR,OR,A' = !A | !B,B' = !B | !A,-1,-1,-1,-1,11,01,10
