network_id,class,graph_in_class,graph_global_id,graph_desc,logic_code,gate_A,gate_B,rule_A,rule_B,Number of Attractors,Number of Fixed Points,Number of Limit Cycles,Avg Attractor Length,Max Attractor Length,Attractor Coverage,Avg Basin Size,Max Basin Size,Basin Size Variance,Basin Size Skewness,Average Transient Length,Maximum Transient Length,Transient Length Variance,Transient Length Skewness,Garden of Eden Count,Common Sea Count,Specific Part Count,Avg Pre-image Count,Max Pre-image Count,Avg Hamming Distance per Transition,Average Sensitivity,Derrida Coefficient,Attractor Components,Attractor_Type
1,1,1,1,A→B,AA,AND,AND,A' = 1,B' = A,1,1,0,1.0,1,1.0,4.0,4,0.0,0.0,1.25,2,0.6875,-0.4933822002181585,2,2,0,1.0,2,1.0,0.5,0.5,11,Stable Fixed-point
2,1,1,1,A→B,OA,OR,AND,A' = 0,B' = A,1,1,0,1.0,1,1.0,4.0,4,0.0,0.0,1.25,2,0.6875,-0.4933822002181586,2,2,0,1.0,2,1.0,0.5,0.5,00,Stable Fixed-point
3,1,2,2,A⊣B,AA,AND,AND,A' = 1,B' = !A,1,1,0,1.0,1,1.0,4.0,4,0.0,0.0,1.25,2,0.6875,-0.4933822002181585,2,2,0,1.0,2,1.0,0.5,0.5,10,Stable Fixed-point
4,1,2,2,A⊣B,OA,OR,AND,A' = 0,B' = !A,1,1,0,1.0,1,1.0,4.0,4,0.0,0.0,1.25,2,0.6875,-0.4933822002181586,2,2,0,1.0,2,1.0,0.5,0.5,01,Stable Fixed-point
5,2,1,3,"A→B,B→A",AA,AND,AND,A' = B,B' = A,3,2,1,1.3333333333333333,2,1.0,1.3333333333333333,2,0.2222222222222222,0.7071067811865479,0.0,0,0.0,0.0,0,0,2,1.0,1,1.0,1.0,1.0,"00; [01,10]; 11",Hybrid Multimodal
6,2,2,4,"A→B,B⊣A",AA,AND,AND,A' = !B,B' = A,1,0,1,4.0,4,1.0,4.0,4,0.0,0.0,0.0,0,0.0,0.0,0,0,2,1.0,1,1.0,1.0,1.0,"[00,01,10,11]",Pure Oscillatory
7,2,3,5,"A⊣B,B⊣A",AA,AND,AND,A' = !B,B' = !A,3,2,1,1.3333333333333333,2,1.0,1.3333333333333333,2,0.2222222222222222,0.7071067811865479,0.0,0,0.0,0.0,0,0,2,1.0,1,1.0,1.0,1.0,"[00,11]; 01; 10",Hybrid Multimodal
8,3,1,6,"A→A,A→B",AA,AND,AND,A' = A,B' = A,2,2,0,1.0,1,1.0,2.0,2,0.0,0.0,0.5,1,0.25,0.0,2,0,2,1.0,2,0.5,1.0,1.0,00; 11,Complex Composite
9,3,2,7,"A→A,A⊣B",AA,AND,AND,A' = A,B' = !A,2,2,0,1.0,1,1.0,2.0,2,0.0,0.0,0.5,1,0.25,0.0,2,0,2,1.0,2,0.5,1.0,1.0,01; 10,Complex Composite
10,3,3,8,"A⊣A,A→B",AA,AND,AND,A' = !A,B' = A,1,0,1,2.0,2,1.0,4.0,4,0.0,0.0,0.5,1,0.25,0.0,2,0,2,1.0,2,1.5,1.0,1.0,"[01,10]",Pure Oscillatory
11,3,4,9,"A⊣A,A⊣B",AA,AND,AND,A' = !A,B' = !A,1,0,1,2.0,2,1.0,4.0,4,0.0,0.0,0.5,1,0.25,0.0,2,0,2,1.0,2,1.5,1.0,1.0,"[00,11]",Pure Oscillatory
12,4,1,10,"A→A,B→A",AA,AND,AND,A' = A & B,B' = 1,2,2,0,1.0,1,1.0,2.0,3,1.0,0.0,0.5,1,0.25,0.0,2,1,1,1.0,3,0.75,0.5,0.375,01; 11,Complex Composite
13,4,1,10,"A→A,B→A",AO,AND,OR,A' = A & B,B' = 0,1,1,0,1.0,1,1.0,4.0,4,0.0,0.0,1.0,2,0.5,0.0,2,2,0,1.0,3,0.75,0.5,0.375,00,Stable Fixed-point
14,4,1,10,"A→A,B→A",OA,OR,AND,A' = A | B,B' = 1,1,1,0,1.0,1,1.0,4.0,4,0.0,0.0,1.0,2,0.5,0.0,2,2,0,1.0,3,0.75,0.5,0.375,11,Stable Fixed-point
15,4,1,10,"A→A,B→A",OO,OR,OR,A' = A | B,B' = 0,2,2,0,1.0,1,1.0,2.0,3,1.0,0.0,0.5,1,0.25,0.0,2,1,1,1.0,3,0.75,0.5,0.375,00; 10,Complex Composite
16,4,2,11,"A→A,B⊣A",AA,AND,AND,A' = A & !B,B' = 1,1,1,0,1.0,1,1.0,4.0,4,0.0,0.0,1.0,2,0.5,0.0,2,2,0,1.0,3,0.75,0.5,0.375,01,Stable Fixed-point
17,4,2,11,"A→A,B⊣A",AO,AND,OR,A' = A & !B,B' = 0,2,2,0,1.0,1,1.0,2.0,3,1.0,0.0,0.5,1,0.25,0.0,2,1,1,1.0,3,0.75,0.5,0.375,00; 10,Complex Composite
18,4,2,11,"A→A,B⊣A",OA,OR,AND,A' = A | !B,B' = 1,2,2,0,1.0,1,1.0,2.0,3,1.0,0.0,0.5,1,0.25,0.0,2,1,1,1.0,3,0.75,0.5,0.375,11; 01,Complex Composite
19,4,2,11,"A→A,B⊣A",OO,OR,OR,A' = A | !B,B' = 0,1,1,0,1.0,1,1.0,4.0,4,0.0,0.0,1.0,2,0.5,0.0,2,2,0,1.0,3,0.75,0.5,0.375,10,Stable Fixed-point
20,4,3,12,"A⊣A,B→A",AA,AND,AND,A' = !A & B,B' = 1,1,0,1,2.0,2,1.0,4.0,4,0.0,0.0,0.5,1,0.25,0.0,2,1,1,1.0,3,1.25,0.5,0.375,"[01,11]",Pure Oscillatory
21,4,3,12,"A⊣A,B→A",AO,AND,OR,A' = !A & B,B' = 0,1,1,0,1.0,1,1.0,4.0,4,0.0,0.0,1.0,2,0.5,0.0,2,2,0,1.0,3,1.25,0.5,0.375,00,Stable Fixed-point
22,4,3,12,"A⊣A,B→A",OA,OR,AND,A' = !A | B,B' = 1,1,1,0,1.0,1,1.0,4.0,4,0.0,0.0,1.0,2,0.5,0.0,2,2,0,1.0,3,1.25,0.5,0.375,11,Stable Fixed-point
23,4,3,12,"A⊣A,B→A",OO,OR,OR,A' = !A | B,B' = 0,1,0,1,2.0,2,1.0,4.0,4,0.0,0.0,0.5,1,0.25,0.0,2,1,1,1.0,3,1.25,0.5,0.375,"[00,10]",Pure Oscillatory
24,4,4,13,"A⊣A,B⊣A",AA,AND,AND,A' = !A & !B,B' = 1,1,1,0,1.0,1,1.0,4.0,4,0.0,0.0,1.0,2,0.5,0.0,2,2,0,1.0,3,1.25,0.5,0.375,01,Stable Fixed-point
25,4,4,13,"A⊣A,B⊣A",AO,AND,OR,A' = !A & !B,B' = 0,1,0,1,2.0,2,1.0,4.0,4,0.0,0.0,0.5,1,0.25,0.0,2,1,1,1.0,3,1.25,0.5,0.375,"[00,10]",Pure Oscillatory
26,4,4,13,"A⊣A,B⊣A",OA,OR,AND,A' = !A | !B,B' = 1,1,0,1,2.0,2,1.0,4.0,4,0.0,0.0,0.5,1,0.25,0.0,2,1,1,1.0,3,1.25,0.5,0.375,"[01,11]",Pure Oscillatory
27,4,4,13,"A⊣A,B⊣A",OO,OR,OR,A' = !A | !B,B' = 0,1,1,0,1.0,1,1.0,4.0,4,0.0,0.0,1.0,2,0.5,0.0,2,2,0,1.0,3,1.25,0.5,0.375,10,Stable Fixed-point
28,5,1,14,"A→A,A→B,B→A",AA,AND,AND,A' = A & B,B' = A,2,2,0,1.0,1,1.0,2.0,3,1.0,0.0,0.75,2,0.6875,0.4933822002181585,1,0,2,1.0,2,0.75,1.0,0.875,00; 11,Complex Composite
29,5,1,14,"A→A,A→B,B→A",OA,AND,OR,A' = A | B,B' = A,2,2,0,1.0,1,1.0,2.0,3,1.0,0.0,0.75,2,0.6875,0.4933822002181586,1,0,2,1.0,2,0.75,1.0,0.875,00; 11,Complex Composite
30,5,2,15,"A→A,A→B,B⊣A",AA,AND,AND,A' = A & !B,B' = A,1,1,0,1.0,1,1.0,4.0,4,0.0,0.0,1.5,3,1.25,0.0,1,2,0,1.0,2,0.75,1.0,0.875,00,Stable Fixed-point
31,5,2,15,"A→A,A→B,B⊣A",OA,AND,OR,A' = A | !B,B' = A,1,1,0,1.0,1,1.0,4.0,4,0.0,0.0,1.5,3,1.25,0.0,1,2,0,1.0,2,0.75,1.0,0.875,11,Stable Fixed-point
32,5,3,16,"A→A,A⊣B,B→A",AA,AND,AND,A' = A & B,B' = !A,1,1,0,1.0,1,1.0,4.0,4,0.0,0.0,1.5,3,1.25,0.0,1,2,0,1.0,2,0.75,1.0,0.875,01,Stable Fixed-point
33,5,3,16,"A→A,A⊣B,B→A",OA,AND,OR,A' = A | B,B' = !A,1,1,0,1.0,1,1.0,4.0,4,0.0,0.0,1.5,3,1.25,0.0,1,2,0,1.0,2,0.75,1.0,0.875,10,Stable Fixed-point
34,5,4,17,"A→A,A⊣B,B⊣A",AA,AND,AND,A' = A & !B,B' = !A,2,2,0,1.0,1,1.0,2.0,3,1.0,0.0,0.75,2,0.6875,0.4933822002181585,1,0,2,1.0,2,0.75,1.0,0.875,01; 10,Complex Composite
35,5,4,17,"A→A,A⊣B,B⊣A",OA,AND,OR,A' = A | !B,B' = !A,2,2,0,1.0,1,1.0,2.0,3,1.0,0.0,0.75,2,0.6875,0.4933822002181586,1,0,2,1.0,2,0.75,1.0,0.875,10; 01,Complex Composite
36,5,5,18,"A⊣A,A→B,B→A",AA,AND,AND,A' = !A & B,B' = A,2,1,1,1.5,2,1.0,2.0,3,1.0,0.0,0.25,1,0.1875,1.1547005383792517,1,0,2,1.0,2,1.25,1.0,0.875,"00; [01,10]",Hybrid Multimodal
37,5,5,18,"A⊣A,A→B,B→A",OA,AND,OR,A' = !A | B,B' = A,2,1,1,1.5,2,1.0,2.0,3,1.0,0.0,0.25,1,0.1875,1.154700538379252,1,0,2,1.0,2,1.25,1.0,0.875,"[01,10]; 11",Hybrid Multimodal
38,5,6,19,"A⊣A,A→B,B⊣A",AA,AND,AND,A' = !A & !B,B' = A,1,0,1,3.0,3,1.0,4.0,4,0.0,0.0,0.25,1,0.1875,1.1547005383792517,1,0,2,1.0,2,1.25,1.0,0.875,"[00,01,10]",Pure Oscillatory
39,5,6,19,"A⊣A,A→B,B⊣A",OA,AND,OR,A' = !A | !B,B' = A,1,0,1,3.0,3,1.0,4.0,4,0.0,0.0,0.25,1,0.1875,1.154700538379252,1,0,2,1.0,2,1.25,1.0,0.875,"[01,10,11]",Pure Oscillatory
40,5,7,20,"A⊣A,A⊣B,B→A",AA,AND,AND,A' = !A & B,B' = !A,1,0,1,3.0,3,1.0,4.0,4,0.0,0.0,0.25,1,0.1875,1.1547005383792517,1,0,2,1.0,2,1.25,1.0,0.875,"[00,01,11]",Pure Oscillatory
41,5,7,20,"A⊣A,A⊣B,B→A",OA,AND,OR,A' = !A | B,B' = !A,1,0,1,3.0,3,1.0,4.0,4,0.0,0.0,0.25,1,0.1875,1.1547005383792517,1,0,2,1.0,2,1.25,1.0,0.875,"[00,10,11]",Pure Oscillatory
42,5,8,21,"A⊣A,A⊣B,B⊣A",AA,AND,AND,A' = !A & !B,B' = !A,2,1,1,1.5,2,1.0,2.0,3,1.0,0.0,0.25,1,0.1875,1.1547005383792517,1,0,2,1.0,2,1.25,1.0,0.875,"[00,11]; 01",Hybrid Multimodal
43,5,8,21,"A⊣A,A⊣B,B⊣A",OA,AND,OR,A' = !A | !B,B' = !A,2,1,1,1.5,2,1.0,2.0,3,1.0,0.0,0.25,1,0.1875,1.1547005383792517,1,0,2,1.0,2,1.25,1.0,0.875,"[00,11]; 10",Hybrid Multimodal
44,6,1,22,"A→A,B→B,A→B",AA,AND,AND,A' = A & B,B' = B,3,3,0,1.0,1,1.0,1.3333333333333333,2,0.2222222222222222,0.7071067811865479,0.25,1,0.1875,1.1547005383792517,1,0,2,1.0,2,0.25,1.0,0.875,00; 01; 11,Complex Composite
45,6,1,22,"A→A,B→B,A→B",OA,AND,OR,A' = A | B,B' = B,3,3,0,1.0,1,1.0,1.3333333333333333,2,0.2222222222222222,0.7071067811865479,0.25,1,0.1875,1.154700538379252,1,0,2,1.0,2,0.25,1.0,0.875,00; 11; 10,Complex Composite
46,6,2,23,"A→A,B→B,A⊣B",AA,AND,AND,A' = A & !B,B' = B,3,3,0,1.0,1,1.0,1.3333333333333333,2,0.2222222222222222,0.7071067811865479,0.25,1,0.1875,1.1547005383792517,1,0,2,1.0,2,0.25,1.0,0.875,00; 01; 10,Complex Composite
47,6,2,23,"A→A,B→B,A⊣B",OA,AND,OR,A' = A | !B,B' = B,3,3,0,1.0,1,1.0,1.3333333333333333,2,0.2222222222222222,0.7071067811865479,0.25,1,0.1875,1.154700538379252,1,0,2,1.0,2,0.25,1.0,0.875,10; 01; 11,Complex Composite
48,6,3,24,"A→A,B⊣B,A→B",AA,AND,AND,A' = A & B,B' = !B,1,0,1,2.0,2,1.0,4.0,4,0.0,0.0,0.75,2,0.6875,0.4933822002181585,1,1,1,1.0,2,1.25,1.0,0.875,"[00,01]",Pure Oscillatory
49,6,3,24,"A→A,B⊣B,A→B",OA,AND,OR,A' = A | B,B' = !B,1,0,1,2.0,2,1.0,4.0,4,0.0,0.0,0.75,2,0.6875,0.4933822002181586,1,1,1,1.0,2,1.25,1.0,0.875,"[10,11]",Pure Oscillatory
50,6,4,25,"A→A,B⊣B,A⊣B",AA,AND,AND,A' = !A & !B,B' = B,2,1,1,1.5,2,1.0,2.0,2,0.0,0.0,0.25,1,0.1875,1.1547005383792517,1,0,2,1.0,2,0.75,1.0,0.875,"[00,10]; 01",Hybrid Multimodal
51,6,4,25,"A→A,B⊣B,A⊣B",OA,AND,OR,A' = !A | !B,B' = B,2,1,1,1.5,2,1.0,2.0,2,0.0,0.0,0.25,1,0.1875,1.154700538379252,1,0,2,1.0,2,0.75,1.0,0.875,"10; [01,11]",Hybrid Multimodal
52,6,5,26,"A⊣A,B→B,A→B",AA,AND,AND,A' = !A & B,B' = B,2,1,1,1.5,2,1.0,2.0,2,0.0,0.0,0.25,1,0.1875,1.1547005383792517,1,0,2,1.0,2,0.75,1.0,0.875,"00; [01,11]",Hybrid Multimodal
53,6,5,26,"A⊣A,B→B,A→B",OA,AND,OR,A' = !A | B,B' = B,2,1,1,1.5,2,1.0,2.0,2,0.0,0.0,0.25,1,0.1875,1.1547005383792517,1,0,2,1.0,2,0.75,1.0,0.875,"[00,10]; 11",Hybrid Multimodal
54,6,6,27,"A⊣A,B→B,A⊣B",AA,AND,AND,A' = A & !B,B' = !B,1,0,1,2.0,2,1.0,4.0,4,0.0,0.0,0.75,2,0.6875,0.4933822002181585,1,1,1,1.0,2,1.25,1.0,0.875,"[00,01]",Pure Oscillatory
55,6,6,27,"A⊣A,B→B,A⊣B",OA,AND,OR,A' = A | !B,B' = !B,1,0,1,2.0,2,1.0,4.0,4,0.0,0.0,0.75,2,0.6875,0.4933822002181585,1,1,1,1.0,2,1.25,1.0,0.875,"[10,11]",Pure Oscillatory
56,6,7,28,"A⊣A,B⊣B,A→B",AA,AND,AND,A' = !A & B,B' = !B,1,0,1,2.0,2,1.0,4.0,4,0.0,0.0,0.75,2,0.6875,0.4933822002181585,1,0,2,1.0,2,1.75,1.0,0.875,"[01,10]",Pure Oscillatory
57,6,7,28,"A⊣A,B⊣B,A→B",OA,AND,OR,A' = !A | B,B' = !B,1,0,1,2.0,2,1.0,4.0,4,0.0,0.0,0.75,2,0.6875,0.4933822002181586,1,0,2,1.0,2,1.75,1.0,0.875,"[01,10]",Pure Oscillatory
58,6,8,29,"A⊣A,B⊣B,A⊣B",AA,AND,AND,A' = !A & !B,B' = !B,1,0,1,2.0,2,1.0,4.0,4,0.0,0.0,0.75,2,0.6875,0.4933822002181585,1,0,2,1.0,2,1.75,1.0,0.875,"[00,11]",Pure Oscillatory
59,6,8,29,"A⊣A,B⊣B,A⊣B",OA,AND,OR,A' = !A | !B,B' = !B,1,0,1,2.0,2,1.0,4.0,4,0.0,0.0,0.75,2,0.6875,0.4933822002181585,1,0,2,1.0,2,1.75,1.0,0.875,"[00,11]",Pure Oscillatory
60,7,1,30,"A→A,B→B,A→B,B→A",AA,AND,AND,A' = A & B,B' = B & A,2,2,0,1.0,1,1.0,2.0,3,1.0,0.0,0.5,1,0.25,0.0,2,0,2,1.0,3,0.5,1.0,0.75,00; 11,Complex Composite
61,7,1,30,"A→A,B→B,A→B,B→A",OA,AND,OR,A' = A | B,B' = B & A,3,3,0,1.0,1,1.0,1.3333333333333333,2,0.2222222222222222,0.7071067811865479,0.25,1,0.1875,1.154700538379252,1,0,2,1.0,2,0.5,1.0,0.75,00; 10; 11,Complex Composite
62,7,1,30,"A→A,B→B,A→B,B→A",OO,OR,OR,A' = A | B,B' = B | A,2,2,0,1.0,1,1.0,2.0,3,1.0,0.0,0.5,1,0.25,0.0,2,0,2,1.0,3,0.5,1.0,0.75,00; 11,Complex Composite
63,7,2,31,"A→A,B→B,A→B,B⊣A",AA,AND,AND,A' = A & !B,B' = B & A,2,2,0,1.0,1,1.0,2.0,3,1.0,0.0,0.75,2,0.6875,0.4933822002181585,1,1,1,1.0,2,0.5,1.0,0.75,00; 10,Complex Composite
64,7,2,31,"A→A,B→B,A→B,B⊣A",OA,AND,OR,A' = A | !B,B' = B & A,2,2,0,1.0,1,1.0,2.0,3,1.0,0.0,0.75,2,0.6875,0.4933822002181585,1,1,1,1.0,2,0.5,1.0,0.75,10; 11,Complex Composite
65,7,2,31,"A→A,B→B,A→B,B⊣A",OO,OR,OR,A' = A | !B,B' = B | A,2,2,0,1.0,1,1.0,2.0,3,1.0,0.0,0.75,2,0.6875,0.4933822002181586,1,1,1,1.0,2,0.5,1.0,0.75,11; 01,Complex Composite
66,7,3,32,"A→A,B→B,A⊣B,B⊣A",AA,AND,AND,A' = A & !B,B' = B & !A,3,3,0,1.0,1,1.0,1.3333333333333333,2,0.2222222222222222,0.7071067811865479,0.25,1,0.1875,1.1547005383792517,1,0,2,1.0,2,0.5,1.0,0.75,00; 01; 10,Complex Composite
67,7,3,32,"A→A,B→B,A⊣B,B⊣A",OA,AND,OR,A' = A | !B,B' = B & !A,2,2,0,1.0,1,1.0,2.0,3,1.0,0.0,0.5,1,0.25,0.0,2,0,2,1.0,3,0.5,1.0,0.75,10; 01,Complex Composite
68,7,3,32,"A→A,B→B,A⊣B,B⊣A",OO,OR,OR,A' = A | !B,B' = B | !A,3,3,0,1.0,1,1.0,1.3333333333333333,2,0.2222222222222222,0.7071067811865479,0.25,1,0.1875,1.154700538379252,1,0,2,1.0,2,0.5,1.0,0.75,11; 01; 10,Complex Composite
69,7,4,33,"A→A,B⊣B,A→B,B⊣A",AA,AND,AND,A' = A & !B,B' = !B & A,1,1,0,1.0,1,1.0,4.0,4,0.0,0.0,1.0,2,0.5,0.0,2,2,0,1.0,3,1.0,1.0,0.75,00,Stable Fixed-point
70,7,4,33,"A→A,B⊣B,A→B,B⊣A",OA,AND,OR,A' = A | !B,B' = !B & A,1,0,1,2.0,2,1.0,4.0,4,0.0,0.0,0.75,2,0.6875,0.4933822002181585,1,1,1,1.0,2,1.0,1.0,0.75,"[10,11]",Pure Oscillatory
71,7,4,33,"A→A,B⊣B,A→B,B⊣A",OO,OR,OR,A' = A | !B,B' = !B | A,1,1,0,1.0,1,1.0,4.0,4,0.0,0.0,1.0,2,0.5,0.0,2,2,0,1.0,3,1.0,1.0,0.75,11,Stable Fixed-point
72,7,5,34,"A→A,B⊣B,A⊣B,B→A",AA,AND,AND,A' = A & B,B' = !B & !A,1,0,1,2.0,2,1.0,4.0,4,0.0,0.0,0.75,2,0.6875,0.4933822002181585,1,1,1,1.0,2,1.0,1.0,0.75,"[00,01]",Pure Oscillatory
73,7,5,34,"A→A,B⊣B,A⊣B,B→A",OA,AND,OR,A' = A | B,B' = !B & !A,1,1,0,1.0,1,1.0,4.0,4,0.0,0.0,1.0,2,0.5,0.0,2,2,0,1.0,3,1.0,1.0,0.75,10,Stable Fixed-point
74,7,5,34,"A→A,B⊣B,A⊣B,B→A",OO,OR,OR,A' = A | B,B' = !B | !A,1,0,1,2.0,2,1.0,4.0,4,0.0,0.0,0.75,2,0.6875,0.4933822002181586,1,1,1,1.0,2,1.0,1.0,0.75,"[10,11]",Pure Oscillatory
75,7,6,35,"A→A,B⊣B,A⊣B,B⊣A",AA,AND,AND,A' = A & !B,B' = !B & !A,2,1,1,1.5,2,1.0,2.0,3,1.0,0.0,0.25,1,0.1875,1.1547005383792517,1,0,2,1.0,2,1.0,1.0,0.75,"[00,01]; 10",Hybrid Multimodal
76,7,6,35,"A→A,B⊣B,A⊣B,B⊣A",OA,AND,OR,A' = A | !B,B' = !B & !A,1,1,0,1.0,1,1.0,4.0,4,0.0,0.0,1.5,3,1.25,0.0,1,2,0,1.0,2,1.0,1.0,0.75,10,Stable Fixed-point
77,7,6,35,"A→A,B⊣B,A⊣B,B⊣A",OO,OR,OR,A' = A | !B,B' = !B | !A,2,1,1,1.5,2,1.0,2.0,3,1.0,0.0,0.25,1,0.1875,1.154700538379252,1,0,2,1.0,2,1.0,1.0,0.75,"[10,11]; 01",Hybrid Multimodal
78,7,7,36,"A⊣A,B→B,A→B,B→A",AA,AND,AND,A' = !A & B,B' = B & A,1,1,0,1.0,1,1.0,4.0,4,0.0,0.0,1.5,3,1.25,0.0,1,2,0,1.0,2,1.0,1.0,0.75,00,Stable Fixed-point
79,7,7,36,"A⊣A,B→B,A→B,B→A",OA,AND,OR,A' = !A | B,B' = B & A,2,1,1,1.5,2,1.0,2.0,3,1.0,0.0,0.25,1,0.1875,1.1547005383792517,1,0,2,1.0,2,1.0,1.0,0.75,"[00,10]; 11",Hybrid Multimodal
80,7,7,36,"A⊣A,B→B,A→B,B→A",OO,OR,OR,A' = !A | B,B' = B | A,1,1,0,1.0,1,1.0,4.0,4,0.0,0.0,1.5,3,1.25,0.0,1,2,0,1.0,2,1.0,1.0,0.75,11,Stable Fixed-point
81,7,8,37,"A⊣A,B⊣B,A→B,B→A",AA,AND,AND,A' = !A & B,B' = !B & A,2,1,1,1.5,2,1.0,2.0,2,0.0,0.0,0.25,1,0.1875,1.1547005383792517,1,0,2,1.0,2,1.5,1.0,0.75,"00; [01,10]",Hybrid Multimodal
82,7,8,37,"A⊣A,B⊣B,A→B,B→A",OA,AND,OR,A' = !A | B,B' = !B & A,1,0,1,2.0,2,1.0,4.0,4,0.0,0.0,0.5,1,0.25,0.0,2,0,2,1.0,3,1.5,1.0,0.75,"[01,10]",Pure Oscillatory
83,7,8,37,"A⊣A,B⊣B,A→B,B→A",OO,OR,OR,A' = !A | B,B' = !B | A,2,1,1,1.5,2,1.0,2.0,2,0.0,0.0,0.25,1,0.1875,1.154700538379252,1,0,2,1.0,2,1.5,1.0,0.75,"11; [01,10]",Hybrid Multimodal
84,7,9,38,"A⊣A,B⊣B,A→B,B⊣A",AA,AND,AND,A' = !A & !B,B' = !B & A,1,0,1,3.0,3,1.0,4.0,4,0.0,0.0,0.25,1,0.1875,1.1547005383792517,1,0,2,1.0,2,1.5,1.0,0.75,"[00,01,10]",Pure Oscillatory
85,7,9,38,"A⊣A,B⊣B,A→B,B⊣A",OA,AND,OR,A' = !A | !B,B' = !B & A,1,0,1,3.0,3,1.0,4.0,4,0.0,0.0,0.25,1,0.1875,1.1547005383792517,1,0,2,1.0,2,1.5,1.0,0.75,"[00,10,11]",Pure Oscillatory
86,7,9,38,"A⊣A,B⊣B,A→B,B⊣A",OO,OR,OR,A' = !A | !B,B' = !B | A,1,0,1,3.0,3,1.0,4.0,4,0.0,0.0,0.25,1,0.1875,1.154700538379252,1,0,2,1.0,2,1.5,1.0,0.75,"[01,10,11]",Pure Oscillatory
87,7,10,39,"A⊣A,B⊣B,A⊣B,B⊣A",AA,AND,AND,A' = !A & !B,B' = !B & !A,1,0,1,2.0,2,1.0,4.0,4,0.0,0.0,0.5,1,0.25,0.0,2,0,2,1.0,3,1.5,1.0,0.75,"[00,11]",Pure Oscillatory
88,7,10,39,"A⊣A,B⊣B,A⊣B,B⊣A",OA,AND,OR,A' = !A | !B,B' = !B & !A,2,1,1,1.5,2,1.0,2.0,2,0.0,0.0,0.25,1,0.1875,1.1547005383792517,1,0,2,1.0,2,1.5,1.0,0.75,"[00,11]; 10",Hybrid Multimodal
89,7,10,39,"A⊣A,B⊣B,A⊣B,B⊣A",OO,OR,OR,A' = !A | !B,B' = !B | !A,1,0,1,2.0,2,1.0,4.0,4,0.0,0.0,0.5,1,0.25,0.0,2,0,2,1.0,3,1.5,1.0,0.75,"[00,11]",Pure Oscillatory
